Price,Close,High,Low,Open,Volume
Ticker,INFY.NS,INFY.NS,INFY.NS,INFY.NS,INFY.NS
Datetime,,,,,
2026-01-23 03:45:00+00:00,1670.5999755859375,1674.4000244140625,1665.0999755859375,1667.199951171875,337039
2026-01-23 04:00:00+00:00,1670.0,1674.5,1668.5,1670.5999755859375,178552
2026-01-23 04:15:00+00:00,1670.9000244140625,1672.800048828125,1668.4000244140625,1670.0,118677
2026-01-23 04:30:00+00:00,1670.199951171875,1672.0999755859375,1668.5999755859375,1670.9000244140625,115018
2026-01-23 04:45:00+00:00,1666.800048828125,1670.699951171875,1665.5999755859375,1670.300048828125,132508
2026-01-23 05:00:00+00:00,1667.800048828125,1669.5,1666.5999755859375,1667.0,110689
2026-01-23 05:15:00+00:00,1667.699951171875,1668.9000244140625,1667.0999755859375,1667.800048828125,108308
2026-01-23 05:30:00+00:00,1667.0999755859375,1668.5,1665.5999755859375,1667.5999755859375,139881
2026-01-23 05:45:00+00:00,1668.800048828125,1668.800048828125,1665.4000244140625,1667.0,137811
2026-01-23 06:00:00+00:00,1667.5,1668.800048828125,1665.199951171875,1668.800048828125,109448
2026-01-23 06:15:00+00:00,1669.5999755859375,1669.5999755859375,1666.800048828125,1667.4000244140625,162687
2026-01-23 06:30:00+00:00,1670.0,1670.800048828125,1669.0,1669.800048828125,157617
2026-01-23 06:45:00+00:00,1670.9000244140625,1672.0,1670.0,1670.199951171875,136950
2026-01-23 07:00:00+00:00,1670.5999755859375,1671.699951171875,1669.0,1671.199951171875,153684
2026-01-23 07:15:00+00:00,1669.199951171875,1671.4000244140625,1669.0,1670.800048828125,203483
2026-01-23 07:30:00+00:00,1669.5,1669.800048828125,1666.800048828125,1669.0999755859375,352450
2026-01-23 07:45:00+00:00,1665.699951171875,1669.4000244140625,1665.5,1669.4000244140625,178478
2026-01-23 08:00:00+00:00,1665.300048828125,1666.300048828125,1664.0999755859375,1666.300048828125,145264
2026-01-23 08:15:00+00:00,1665.5999755859375,1666.800048828125,1665.0999755859375,1665.800048828125,163455
2026-01-23 08:30:00+00:00,1663.699951171875,1666.0,1662.9000244140625,1665.5,183699
2026-01-23 08:45:00+00:00,1665.5999755859375,1665.9000244140625,1662.300048828125,1663.199951171875,229640
2026-01-23 09:00:00+00:00,1669.4000244140625,1671.0,1665.5,1666.0999755859375,461143
2026-01-23 09:15:00+00:00,1669.699951171875,1671.300048828125,1667.800048828125,1670.300048828125,229165
2026-01-23 09:30:00+00:00,1670.0999755859375,1672.0999755859375,1668.300048828125,1670.300048828125,646668
2026-01-23 09:45:00+00:00,1670.800048828125,1674.0,1669.699951171875,1670.199951171875,577496
2026-01-27 03:45:00+00:00,1667.4000244140625,1681.800048828125,1663.0,1680.0,341717
2026-01-27 04:00:00+00:00,1676.5999755859375,1676.5999755859375,1661.5999755859375,1666.800048828125,485797
2026-01-27 04:15:00+00:00,1675.5999755859375,1677.699951171875,1675.0,1676.5999755859375,299536
2026-01-27 04:30:00+00:00,1679.9000244140625,1680.4000244140625,1675.5999755859375,1675.5999755859375,194200
2026-01-27 04:45:00+00:00,1681.0,1683.699951171875,1679.5999755859375,1679.9000244140625,254749
2026-01-27 05:00:00+00:00,1674.5999755859375,1681.699951171875,1674.0999755859375,1681.300048828125,389138
2026-01-27 05:15:00+00:00,1673.5999755859375,1676.5,1672.5,1675.0,304803
2026-01-27 05:30:00+00:00,1672.699951171875,1676.800048828125,1672.5999755859375,1673.5999755859375,267614
2026-01-27 05:45:00+00:00,1678.0,1678.0,1672.199951171875,1672.699951171875,163350
2026-01-27 06:00:00+00:00,1682.699951171875,1682.800048828125,1678.0999755859375,1678.0999755859375,198680
2026-01-27 06:15:00+00:00,1682.0,1683.5,1679.699951171875,1682.800048828125,243142
2026-01-27 06:30:00+00:00,1681.199951171875,1682.699951171875,1680.0,1682.0999755859375,261625
2026-01-27 06:45:00+00:00,1681.300048828125,1682.5,1679.699951171875,1681.4000244140625,283795
2026-01-27 07:00:00+00:00,1679.699951171875,1681.5999755859375,1678.9000244140625,1681.5999755859375,196759
2026-01-27 07:15:00+00:00,1680.0999755859375,1680.699951171875,1679.300048828125,1679.800048828125,231266
2026-01-27 07:30:00+00:00,1680.4000244140625,1680.9000244140625,1679.5,1680.199951171875,234512
2026-01-27 07:45:00+00:00,1680.800048828125,1681.4000244140625,1679.9000244140625,1680.5,239664
2026-01-27 08:00:00+00:00,1680.0,1681.0,1678.0,1681.0,270575
2026-01-27 08:15:00+00:00,1678.5999755859375,1680.0,1678.199951171875,1680.0,255722
2026-01-27 08:30:00+00:00,1680.4000244140625,1680.5,1677.9000244140625,1678.5999755859375,248126
2026-01-27 08:45:00+00:00,1680.5,1680.800048828125,1679.300048828125,1680.5,243771
2026-01-27 09:00:00+00:00,1680.5,1682.0999755859375,1680.0,1680.199951171875,524411
2026-01-27 09:15:00+00:00,1681.9000244140625,1682.199951171875,1680.0999755859375,1680.5,697230
2026-01-27 09:30:00+00:00,1681.5,1682.0999755859375,1679.4000244140625,1682.0,1401203
2026-01-27 09:45:00+00:00,1682.699951171875,1689.0,1681.0999755859375,1681.5999755859375,1328439
2026-01-28 03:45:00+00:00,1679.4000244140625,1688.699951171875,1674.699951171875,1674.699951171875,273545
2026-01-28 04:00:00+00:00,1675.0999755859375,1681.4000244140625,1673.699951171875,1679.300048828125,211373
2026-01-28 04:15:00+00:00,1668.300048828125,1675.5999755859375,1665.300048828125,1675.0999755859375,187080
2026-01-28 04:30:00+00:00,1663.0,1671.699951171875,1659.0999755859375,1668.5,729193
2026-01-28 04:45:00+00:00,1661.4000244140625,1669.0,1660.5999755859375,1663.0999755859375,157938
2026-01-28 05:00:00+00:00,1663.5,1665.0,1659.4000244140625,1661.800048828125,215534
2026-01-28 05:15:00+00:00,1658.5,1663.5999755859375,1658.0999755859375,1663.5999755859375,354312
2026-01-28 05:30:00+00:00,1660.300048828125,1660.5999755859375,1654.699951171875,1658.5999755859375,255276
2026-01-28 05:45:00+00:00,1657.300048828125,1661.9000244140625,1656.4000244140625,1660.0,243633
2026-01-28 06:00:00+00:00,1652.699951171875,1658.5999755859375,1652.0,1657.9000244140625,296896
2026-01-28 06:15:00+00:00,1660.4000244140625,1662.5,1652.699951171875,1653.0,247010
2026-01-28 06:30:00+00:00,1659.0999755859375,1662.5999755859375,1658.5,1660.4000244140625,259657
2026-01-28 06:45:00+00:00,1652.699951171875,1659.199951171875,1652.4000244140625,1659.0,193604
2026-01-28 07:00:00+00:00,1651.5,1655.300048828125,1650.699951171875,1652.699951171875,250301
2026-01-28 07:15:00+00:00,1651.5,1653.199951171875,1650.0,1651.5,240971
2026-01-28 07:30:00+00:00,1654.9000244140625,1655.5,1651.300048828125,1651.699951171875,161893
2026-01-28 07:45:00+00:00,1655.4000244140625,1655.699951171875,1651.9000244140625,1654.800048828125,182858
2026-01-28 08:00:00+00:00,1655.0999755859375,1656.0,1654.4000244140625,1655.199951171875,178302
2026-01-28 08:15:00+00:00,1655.800048828125,1656.0,1653.5,1655.0999755859375,184480
2026-01-28 08:30:00+00:00,1656.5999755859375,1658.300048828125,1655.0,1655.5999755859375,364685
2026-01-28 08:45:00+00:00,1654.5,1657.0,1654.0,1656.5,202584
2026-01-28 09:00:00+00:00,1655.9000244140625,1656.300048828125,1654.5,1654.5,260365
2026-01-28 09:15:00+00:00,1662.5,1662.5,1655.5999755859375,1655.5999755859375,329241
2026-01-28 09:30:00+00:00,1665.9000244140625,1667.0999755859375,1661.800048828125,1662.5999755859375,1166988
2026-01-28 09:45:00+00:00,1666.5,1669.4000244140625,1663.4000244140625,1666.0,1059182
2026-01-29 03:45:00+00:00,1646.4000244140625,1659.199951171875,1644.0,1658.0,161929
2026-01-29 04:00:00+00:00,1644.9000244140625,1651.0,1644.800048828125,1646.4000244140625,98810
2026-01-29 04:15:00+00:00,1644.9000244140625,1646.199951171875,1642.4000244140625,1645.199951171875,87345
2026-01-29 04:30:00+00:00,1648.9000244140625,1649.4000244140625,1644.5999755859375,1645.0,89858
2026-01-29 04:45:00+00:00,1647.5,1654.0,1646.0,1648.9000244140625,112090
2026-01-29 05:00:00+00:00,1645.0999755859375,1648.9000244140625,1644.699951171875,1647.5,94326
2026-01-29 05:15:00+00:00,1647.199951171875,1648.4000244140625,1642.5,1645.0,75177
2026-01-29 05:30:00+00:00,1650.9000244140625,1651.300048828125,1647.0999755859375,1647.199951171875,56193
2026-01-29 05:45:00+00:00,1649.300048828125,1651.5999755859375,1648.0999755859375,1650.9000244140625,74723
2026-01-29 06:00:00+00:00,1650.300048828125,1652.0,1649.300048828125,1650.699951171875,99800
2026-01-29 06:15:00+00:00,1651.0,1653.0,1648.5999755859375,1650.9000244140625,156801
2026-01-29 06:30:00+00:00,1648.5999755859375,1651.0,1646.0999755859375,1650.9000244140625,190202
2026-01-29 06:45:00+00:00,1650.300048828125,1650.9000244140625,1645.300048828125,1648.199951171875,140869
2026-01-29 07:00:00+00:00,1650.800048828125,1652.300048828125,1650.199951171875,1650.300048828125,202175
2026-01-29 07:15:00+00:00,1657.9000244140625,1659.5999755859375,1650.0999755859375,1651.199951171875,126941
2026-01-29 07:30:00+00:00,1660.0,1661.0,1656.699951171875,1657.300048828125,83497
2026-01-29 07:45:00+00:00,1659.699951171875,1661.0,1658.300048828125,1659.9000244140625,142491
2026-01-29 08:00:00+00:00,1661.9000244140625,1663.5999755859375,1659.0999755859375,1660.0,67798
2026-01-29 08:15:00+00:00,1663.0,1664.0,1661.0999755859375,1661.300048828125,57697
2026-01-29 08:30:00+00:00,1661.5,1664.699951171875,1660.0,1663.800048828125,185209
2026-01-29 08:45:00+00:00,1661.4000244140625,1662.199951171875,1658.5999755859375,1661.199951171875,132601
2026-01-29 09:00:00+00:00,1661.300048828125,1662.300048828125,1659.300048828125,1661.4000244140625,192529
2026-01-29 09:15:00+00:00,1661.300048828125,1662.699951171875,1661.0,1661.300048828125,166069
2026-01-29 09:30:00+00:00,1658.5,1662.699951171875,1658.5,1661.5999755859375,855033
2026-01-29 09:45:00+00:00,1659.5,1661.699951171875,1655.5999755859375,1659.0,803617
2026-01-30 03:45:00+00:00,1629.0999755859375,1644.0,1619.0999755859375,1644.0,217661
2026-01-30 04:00:00+00:00,1629.0999755859375,1631.699951171875,1625.199951171875,1629.5999755859375,187362
2026-01-30 04:15:00+00:00,1627.300048828125,1630.9000244140625,1623.5999755859375,1629.5999755859375,281398
2026-01-30 04:30:00+00:00,1625.5,1629.199951171875,1621.199951171875,1627.199951171875,170529
2026-01-30 04:45:00+00:00,1619.199951171875,1625.800048828125,1619.199951171875,1625.800048828125,157017
2026-01-30 05:00:00+00:00,1624.699951171875,1625.0,1618.5999755859375,1619.5,134897
2026-01-30 05:15:00+00:00,1626.300048828125,1628.0,1622.699951171875,1624.699951171875,254915
2026-01-30 05:30:00+00:00,1622.0999755859375,1627.5999755859375,1620.4000244140625,1626.300048828125,239744
2026-01-30 05:45:00+00:00,1620.699951171875,1623.199951171875,1620.0,1622.0,235235
2026-01-30 06:00:00+00:00,1622.300048828125,1623.9000244140625,1618.0999755859375,1620.699951171875,335351
2026-01-30 06:15:00+00:00,1625.9000244140625,1626.5999755859375,1622.199951171875,1622.699951171875,134854
2026-01-30 06:30:00+00:00,1625.9000244140625,1626.699951171875,1624.5999755859375,1625.9000244140625,139633
2026-01-30 06:45:00+00:00,1625.4000244140625,1627.4000244140625,1624.4000244140625,1626.199951171875,89802
2026-01-30 07:00:00+00:00,1625.0,1627.699951171875,1624.5999755859375,1625.5,104837
2026-01-30 07:15:00+00:00,1629.9000244140625,1630.300048828125,1624.199951171875,1625.0999755859375,281711
2026-01-30 07:30:00+00:00,1627.4000244140625,1630.300048828125,1625.300048828125,1629.699951171875,118439
2026-01-30 07:45:00+00:00,1626.9000244140625,1627.9000244140625,1625.699951171875,1627.4000244140625,72982
2026-01-30 08:00:00+00:00,1628.9000244140625,1629.199951171875,1625.9000244140625,1626.9000244140625,71393
2026-01-30 08:15:00+00:00,1632.9000244140625,1634.0,1627.5999755859375,1629.4000244140625,156021
2026-01-30 08:30:00+00:00,1635.5,1659.5,1632.5,1633.0,335607
2026-01-30 08:45:00+00:00,1636.0999755859375,1636.5,1632.800048828125,1635.300048828125,230013
2026-01-30 09:00:00+00:00,1637.9000244140625,1638.800048828125,1634.5999755859375,1636.0,631317
2026-01-30 09:15:00+00:00,1640.5,1641.5999755859375,1637.300048828125,1638.0,339794
2026-01-30 09:30:00+00:00,1641.0,1642.4000244140625,1637.4000244140625,1640.300048828125,2201868
2026-01-30 09:45:00+00:00,1641.199951171875,1644.0,1640.0999755859375,1640.9000244140625,1814256
2026-02-02 09:45:00+00:00,1629.4000244140625,1629.4000244140625,1629.4000244140625,1629.4000244140625,0
2026-02-03 03:45:00+00:00,1679.5,1713.199951171875,1678.5999755859375,1710.800048828125,2274535
2026-02-03 04:00:00+00:00,1668.699951171875,1680.9000244140625,1667.5,1679.9000244140625,476880
2026-02-03 04:15:00+00:00,1662.699951171875,1670.4000244140625,1662.699951171875,1669.4000244140625,210767
2026-02-03 04:30:00+00:00,1662.199951171875,1665.5,1657.5999755859375,1663.0999755859375,304218
2026-02-03 04:45:00+00:00,1667.199951171875,1670.0,1662.300048828125,1662.5,234030
2026-02-03 05:00:00+00:00,1671.199951171875,1672.9000244140625,1665.9000244140625,1666.199951171875,225082
2026-02-03 05:15:00+00:00,1667.0,1673.5999755859375,1666.0999755859375,1671.300048828125,322531
2026-02-03 05:30:00+00:00,1671.800048828125,1673.4000244140625,1666.800048828125,1667.5,139061
2026-02-03 05:45:00+00:00,1678.0999755859375,1678.699951171875,1671.199951171875,1672.0999755859375,129214
2026-02-03 06:00:00+00:00,1677.4000244140625,1680.0,1675.699951171875,1678.0999755859375,177974
2026-02-03 06:15:00+00:00,1677.800048828125,1678.300048828125,1676.5999755859375,1677.5,55408
2026-02-03 06:30:00+00:00,1673.9000244140625,1677.9000244140625,1673.5,1677.5,86177
2026-02-03 06:45:00+00:00,1669.800048828125,1673.9000244140625,1668.800048828125,1673.9000244140625,114358
2026-02-03 07:00:00+00:00,1669.9000244140625,1672.5,1667.0,1669.699951171875,272596
2026-02-03 07:15:00+00:00,1668.9000244140625,1670.300048828125,1666.199951171875,1669.4000244140625,91032
2026-02-03 07:30:00+00:00,1665.300048828125,1669.9000244140625,1664.5,1668.800048828125,93537
2026-02-03 07:45:00+00:00,1662.699951171875,1666.4000244140625,1660.5999755859375,1665.9000244140625,144841
2026-02-03 08:00:00+00:00,1662.5,1664.699951171875,1659.0,1662.699951171875,215415
2026-02-03 08:15:00+00:00,1663.9000244140625,1665.4000244140625,1662.0,1662.699951171875,105825
2026-02-03 08:30:00+00:00,1665.300048828125,1666.5,1662.0999755859375,1663.5999755859375,263998
2026-02-03 08:45:00+00:00,1661.800048828125,1666.5,1660.5,1665.300048828125,168402
2026-02-03 09:00:00+00:00,1657.0999755859375,1662.699951171875,1656.199951171875,1661.800048828125,344166
2026-02-03 09:15:00+00:00,1663.5,1664.5,1657.0,1657.5,197420
2026-02-03 09:30:00+00:00,1655.9000244140625,1663.5,1653.699951171875,1663.5,1068236
2026-02-03 09:45:00+00:00,1655.9000244140625,1657.699951171875,1653.4000244140625,1656.4000244140625,1089173
2026-02-04 03:45:00+00:00,1556.199951171875,1568.699951171875,1553.9000244140625,1568.699951171875,1810901
2026-02-04 04:00:00+00:00,1558.9000244140625,1560.9000244140625,1555.199951171875,1556.5,1177854
2026-02-04 04:15:00+00:00,1554.5,1558.9000244140625,1551.5,1558.800048828125,1332280
2026-02-04 04:30:00+00:00,1550.5999755859375,1557.0,1549.300048828125,1554.5,1644617
2026-02-04 04:45:00+00:00,1538.5999755859375,1550.5999755859375,1536.699951171875,1550.0999755859375,1905372
2026-02-04 05:00:00+00:00,1537.5,1539.5999755859375,1534.4000244140625,1538.9000244140625,1051034
2026-02-04 05:15:00+00:00,1537.199951171875,1539.5,1535.0,1537.4000244140625,761009
2026-02-04 05:30:00+00:00,1535.800048828125,1539.9000244140625,1535.0999755859375,1537.199951171875,685569
2026-02-04 05:45:00+00:00,1526.199951171875,1537.199951171875,1525.199951171875,1536.0999755859375,1539725
2026-02-04 06:00:00+00:00,1525.300048828125,1529.300048828125,1523.300048828125,1526.199951171875,918496
2026-02-04 06:15:00+00:00,1519.5,1525.300048828125,1517.4000244140625,1525.199951171875,897434
2026-02-04 06:30:00+00:00,1520.800048828125,1523.0,1518.300048828125,1519.5999755859375,481028
2026-02-04 06:45:00+00:00,1521.0,1523.9000244140625,1517.4000244140625,1520.699951171875,644667
2026-02-04 07:00:00+00:00,1521.5999755859375,1523.5,1518.5999755859375,1521.4000244140625,495906
2026-02-04 07:15:00+00:00,1511.9000244140625,1521.5,1510.199951171875,1521.5,1127481
2026-02-04 07:30:00+00:00,1518.9000244140625,1519.800048828125,1512.0,1512.4000244140625,568852
2026-02-04 07:45:00+00:00,1524.0999755859375,1524.800048828125,1517.300048828125,1518.9000244140625,678563
2026-02-04 08:00:00+00:00,1533.9000244140625,1534.5,1524.0,1524.0999755859375,1399832
2026-02-04 08:15:00+00:00,1534.0,1538.5999755859375,1530.300048828125,1533.800048828125,835857
2026-02-04 08:30:00+00:00,1531.4000244140625,1536.5999755859375,1530.0999755859375,1534.0,786507
2026-02-04 08:45:00+00:00,1534.300048828125,1535.699951171875,1531.300048828125,1531.4000244140625,586200
2026-02-04 09:00:00+00:00,1533.5999755859375,1536.4000244140625,1533.0,1534.5,646433
2026-02-04 09:15:00+00:00,1539.699951171875,1541.5999755859375,1533.300048828125,1533.5999755859375,1305858
2026-02-04 09:30:00+00:00,1535.0999755859375,1540.199951171875,1535.0,1539.699951171875,1325676
2026-02-04 09:45:00+00:00,1534.0,1536.9000244140625,1532.5,1535.0999755859375,1696244
2026-02-05 03:45:00+00:00,1542.300048828125,1547.699951171875,1527.5999755859375,1531.0,399049
2026-02-05 04:00:00+00:00,1535.199951171875,1543.0999755859375,1535.0999755859375,1542.4000244140625,404889
2026-02-05 04:15:00+00:00,1542.4000244140625,1542.5,1534.0,1535.199951171875,301422
2026-02-05 04:30:00+00:00,1543.0999755859375,1548.0999755859375,1540.0,1542.199951171875,347670
2026-02-05 04:45:00+00:00,1542.699951171875,1550.9000244140625,1541.800048828125,1542.5,423593
2026-02-05 05:00:00+00:00,1537.5,1543.0999755859375,1537.5,1543.0999755859375,254504
2026-02-05 05:15:00+00:00,1534.300048828125,1537.9000244140625,1534.199951171875,1537.699951171875,246380
2026-02-05 05:30:00+00:00,1535.5999755859375,1537.0999755859375,1533.0,1534.5,236555
2026-02-05 05:45:00+00:00,1531.300048828125,1537.0999755859375,1530.5,1535.9000244140625,308020
2026-02-05 06:00:00+00:00,1527.0999755859375,1532.5,1527.0999755859375,1531.5,329781
2026-02-05 06:15:00+00:00,1526.9000244140625,1527.9000244140625,1522.4000244140625,1527.5,337528
2026-02-05 06:30:00+00:00,1522.9000244140625,1527.0999755859375,1520.300048828125,1526.800048828125,333351
2026-02-05 06:45:00+00:00,1519.5999755859375,1523.0,1518.5,1522.800048828125,649856
2026-02-05 07:00:00+00:00,1519.5,1520.5999755859375,1516.5,1519.5999755859375,405123
2026-02-05 07:15:00+00:00,1520.0,1521.9000244140625,1518.199951171875,1519.699951171875,276807
2026-02-05 07:30:00+00:00,1518.9000244140625,1521.4000244140625,1518.699951171875,1520.0,260475
2026-02-05 07:45:00+00:00,1516.0,1520.0999755859375,1515.800048828125,1518.9000244140625,278642
2026-02-05 08:00:00+00:00,1522.5,1523.5,1516.0,1516.0999755859375,344817
2026-02-05 08:15:00+00:00,1522.5999755859375,1524.5,1520.800048828125,1522.5999755859375,484158
2026-02-05 08:30:00+00:00,1521.0,1524.5,1520.0,1522.4000244140625,366197
2026-02-05 08:45:00+00:00,1523.199951171875,1524.300048828125,1520.0,1521.0,307159
2026-02-05 09:00:00+00:00,1523.300048828125,1525.199951171875,1522.199951171875,1523.199951171875,356249
2026-02-05 09:15:00+00:00,1524.699951171875,1524.9000244140625,1521.5999755859375,1523.300048828125,317522
2026-02-05 09:30:00+00:00,1519.9000244140625,1525.5,1517.800048828125,1525.300048828125,805833
2026-02-05 09:45:00+00:00,1521.4000244140625,1522.0999755859375,1517.5,1519.9000244140625,797868
2026-02-06 03:45:00+00:00,1489.5,1522.0999755859375,1488.0999755859375,1522.0999755859375,1329865
2026-02-06 04:00:00+00:00,1498.0,1499.199951171875,1480.4000244140625,1489.5,1302595
2026-02-06 04:15:00+00:00,1497.5,1500.5,1492.4000244140625,1497.300048828125,522342
2026-02-06 04:30:00+00:00,1496.699951171875,1501.699951171875,1496.0,1497.9000244140625,481203
2026-02-06 04:45:00+00:00,1499.199951171875,1504.9000244140625,1496.199951171875,1496.5999755859375,596955
2026-02-06 05:00:00+00:00,1498.9000244140625,1503.0999755859375,1498.0,1499.300048828125,374358
2026-02-06 05:15:00+00:00,1497.4000244140625,1500.0,1496.699951171875,1499.0,283793
2026-02-06 05:30:00+00:00,1496.699951171875,1499.4000244140625,1496.0,1497.5999755859375,322042
2026-02-06 05:45:00+00:00,1499.699951171875,1502.0,1496.5999755859375,1497.0,341693
2026-02-06 06:00:00+00:00,1502.5,1503.300048828125,1498.0999755859375,1499.699951171875,303447
2026-02-06 06:15:00+00:00,1504.800048828125,1505.800048828125,1501.800048828125,1502.4000244140625,298338
2026-02-06 06:30:00+00:00,1502.5,1509.800048828125,1501.0999755859375,1505.300048828125,425397
2026-02-06 06:45:00+00:00,1500.0999755859375,1502.699951171875,1498.4000244140625,1502.5,297736
2026-02-06 07:00:00+00:00,1498.0,1501.5,1496.9000244140625,1500.0,345648
2026-02-06 07:15:00+00:00,1498.800048828125,1501.300048828125,1497.0,1497.9000244140625,325428
2026-02-06 07:30:00+00:00,1497.0,1502.0,1497.0,1498.5999755859375,392427
2026-02-06 07:45:00+00:00,1497.5999755859375,1498.800048828125,1496.800048828125,1497.0,180942
2026-02-06 08:00:00+00:00,1498.800048828125,1500.800048828125,1496.800048828125,1497.699951171875,456238
2026-02-06 08:15:00+00:00,1505.4000244140625,1506.0,1498.4000244140625,1498.800048828125,457237
2026-02-06 08:30:00+00:00,1501.5999755859375,1505.5,1501.199951171875,1505.300048828125,284469
2026-02-06 08:45:00+00:00,1502.0,1503.9000244140625,1500.5999755859375,1501.800048828125,309446
2026-02-06 09:00:00+00:00,1503.300048828125,1503.5999755859375,1501.0,1501.9000244140625,494143
2026-02-06 09:15:00+00:00,1506.9000244140625,1508.0,1503.0,1503.300048828125,633140
2026-02-06 09:30:00+00:00,1506.5,1510.0,1506.4000244140625,1507.199951171875,1340899
2026-02-06 09:45:00+00:00,1504.800048828125,1508.9000244140625,1503.0,1507.0,1059109
2026-02-09 03:45:00+00:00,1505.0999755859375,1527.699951171875,1501.0999755859375,1523.800048828125,568218
2026-02-09 04:00:00+00:00,1502.0,1507.199951171875,1500.199951171875,1505.0999755859375,462654
2026-02-09 04:15:00+00:00,1501.0999755859375,1503.5,1500.199951171875,1502.5,312497
2026-02-09 04:30:00+00:00,1498.699951171875,1503.0,1498.0999755859375,1501.199951171875,332717
2026-02-09 04:45:00+00:00,1499.9000244140625,1500.9000244140625,1497.300048828125,1498.699951171875,251812
2026-02-09 05:00:00+00:00,1502.800048828125,1503.0999755859375,1499.199951171875,1499.699951171875,262209
2026-02-09 05:15:00+00:00,1506.300048828125,1506.5,1502.5999755859375,1502.800048828125,304855
2026-02-09 05:30:00+00:00,1507.0,1508.300048828125,1504.4000244140625,1506.199951171875,268696
2026-02-09 05:45:00+00:00,1505.4000244140625,1507.0,1504.9000244140625,1507.0,208002
2026-02-09 06:00:00+00:00,1504.0,1507.0,1503.5,1505.4000244140625,256348
2026-02-09 06:15:00+00:00,1501.9000244140625,1504.5,1501.4000244140625,1504.0,237141
2026-02-09 06:30:00+00:00,1501.0999755859375,1503.800048828125,1501.0,1501.9000244140625,158434
2026-02-09 06:45:00+00:00,1496.9000244140625,1501.800048828125,1496.5999755859375,1501.199951171875,361693
2026-02-09 07:00:00+00:00,1494.5999755859375,1498.5,1494.0999755859375,1496.9000244140625,341470
2026-02-09 07:15:00+00:00,1493.699951171875,1495.5999755859375,1493.0,1494.5999755859375,281211
2026-02-09 07:30:00+00:00,1496.199951171875,1496.300048828125,1493.199951171875,1493.4000244140625,279954
2026-02-09 07:45:00+00:00,1497.0999755859375,1498.199951171875,1496.0,1496.0999755859375,240650
2026-02-09 08:00:00+00:00,1497.199951171875,1497.9000244140625,1496.5999755859375,1497.0999755859375,170243
2026-02-09 08:15:00+00:00,1497.199951171875,1497.300048828125,1495.699951171875,1497.199951171875,188931
2026-02-09 08:30:00+00:00,1497.0,1497.9000244140625,1495.800048828125,1497.9000244140625,240014
2026-02-09 08:45:00+00:00,1495.9000244140625,1499.300048828125,1495.800048828125,1496.800048828125,210536
2026-02-09 09:00:00+00:00,1496.5,1496.9000244140625,1495.0999755859375,1495.9000244140625,232201
2026-02-09 09:15:00+00:00,1497.199951171875,1497.5999755859375,1496.0999755859375,1496.5,270937
2026-02-09 09:30:00+00:00,1496.800048828125,1498.0999755859375,1496.0,1497.300048828125,622018
2026-02-09 09:45:00+00:00,1497.0,1498.0999755859375,1495.5,1496.9000244140625,636577
2026-02-10 03:45:00+00:00,1493.0999755859375,1499.0999755859375,1491.5,1497.199951171875,396730
2026-02-10 04:00:00+00:00,1500.800048828125,1505.0,1492.699951171875,1492.699951171875,522505
2026-02-10 04:15:00+00:00,1498.5,1505.5,1498.0,1501.300048828125,330278
2026-02-10 04:30:00+00:00,1501.4000244140625,1505.9000244140625,1498.5,1498.699951171875,246851
2026-02-10 04:45:00+00:00,1510.0,1511.4000244140625,1501.4000244140625,1501.699951171875,434461
2026-02-10 05:00:00+00:00,1510.0,1511.9000244140625,1507.5999755859375,1509.5,203563
2026-02-10 05:15:00+00:00,1510.0,1515.5999755859375,1509.199951171875,1510.0,300208
2026-02-10 05:30:00+00:00,1509.800048828125,1510.699951171875,1509.300048828125,1510.0,201376
2026-02-10 05:45:00+00:00,1507.199951171875,1510.5999755859375,1507.0,1509.800048828125,228482
2026-02-10 06:00:00+00:00,1504.0,1508.0,1503.5,1507.5,201052
2026-02-10 06:15:00+00:00,1506.5999755859375,1507.0,1503.300048828125,1504.0,156350
2026-02-10 06:30:00+00:00,1504.699951171875,1508.4000244140625,1504.0999755859375,1506.5,117585
2026-02-10 06:45:00+00:00,1502.9000244140625,1505.199951171875,1502.5999755859375,1504.699951171875,156051
2026-02-10 07:00:00+00:00,1503.0999755859375,1503.4000244140625,1501.0999755859375,1503.300048828125,178938
2026-02-10 07:15:00+00:00,1503.0,1505.4000244140625,1503.0,1503.0999755859375,214492
2026-02-10 07:30:00+00:00,1506.800048828125,1507.4000244140625,1502.800048828125,1503.199951171875,338179
2026-02-10 07:45:00+00:00,1503.0,1508.199951171875,1502.199951171875,1506.5999755859375,259505
2026-02-10 08:00:00+00:00,1501.300048828125,1503.0,1500.5,1503.0,113771
2026-02-10 08:15:00+00:00,1501.199951171875,1502.800048828125,1500.4000244140625,1501.5,156200
2026-02-10 08:30:00+00:00,1500.0,1502.0,1499.5,1500.699951171875,186990
2026-02-10 08:45:00+00:00,1500.5,1502.4000244140625,1499.199951171875,1499.9000244140625,141499
2026-02-10 09:00:00+00:00,1498.5,1501.199951171875,1497.0,1500.5,317789
2026-02-10 09:15:00+00:00,1500.5,1501.4000244140625,1498.0,1498.699951171875,213878
2026-02-10 09:30:00+00:00,1496.800048828125,1503.4000244140625,1495.5999755859375,1501.0,1605555
2026-02-10 09:45:00+00:00,1495.0,1497.300048828125,1493.0999755859375,1496.800048828125,778138
2026-02-11 03:45:00+00:00,1497.5,1505.800048828125,1497.4000244140625,1501.4000244140625,400761
2026-02-11 04:00:00+00:00,1491.9000244140625,1497.699951171875,1490.300048828125,1497.5,413020
2026-02-11 04:15:00+00:00,1492.699951171875,1493.5,1489.5,1491.800048828125,312993
2026-02-11 04:30:00+00:00,1488.0,1492.699951171875,1485.800048828125,1492.699951171875,253603
2026-02-11 04:45:00+00:00,1488.0999755859375,1491.9000244140625,1487.9000244140625,1488.0,208981
2026-02-11 05:00:00+00:00,1488.9000244140625,1489.9000244140625,1487.300048828125,1488.199951171875,127158
2026-02-11 05:15:00+00:00,1487.5999755859375,1490.5,1486.800048828125,1488.9000244140625,144647
2026-02-11 05:30:00+00:00,1487.5,1489.800048828125,1485.300048828125,1487.0999755859375,252336
2026-02-11 05:45:00+00:00,1488.5,1489.300048828125,1486.800048828125,1487.5,143817
2026-02-11 06:00:00+00:00,1489.699951171875,1491.199951171875,1488.300048828125,1488.5,123163
2026-02-11 06:15:00+00:00,1484.5,1489.699951171875,1484.5,1489.699951171875,242443
2026-02-11 06:30:00+00:00,1484.199951171875,1486.0,1482.9000244140625,1484.4000244140625,125724
2026-02-11 06:45:00+00:00,1482.9000244140625,1484.199951171875,1481.9000244140625,1484.199951171875,164202
2026-02-11 07:00:00+00:00,1481.4000244140625,1484.199951171875,1480.0,1482.9000244140625,228069
2026-02-11 07:15:00+00:00,1482.0,1484.5999755859375,1480.5999755859375,1481.300048828125,265993
2026-02-11 07:30:00+00:00,1480.199951171875,1482.5,1478.9000244140625,1482.0,308289
2026-02-11 07:45:00+00:00,1481.0999755859375,1481.4000244140625,1479.199951171875,1480.0999755859375,174780
2026-02-11 08:00:00+00:00,1482.4000244140625,1484.0,1481.0,1481.300048828125,260090
2026-02-11 08:15:00+00:00,1479.5,1482.4000244140625,1479.199951171875,1481.9000244140625,207664
2026-02-11 08:30:00+00:00,1477.9000244140625,1479.5999755859375,1473.5,1479.5,426694
2026-02-11 08:45:00+00:00,1473.800048828125,1478.0,1473.699951171875,1477.5999755859375,298747
2026-02-11 09:00:00+00:00,1474.5999755859375,1476.300048828125,1473.0999755859375,1473.5999755859375,245594
2026-02-11 09:15:00+00:00,1473.199951171875,1475.699951171875,1472.4000244140625,1474.5999755859375,284937
2026-02-11 09:30:00+00:00,1472.199951171875,1475.0,1470.800048828125,1473.5,1042661
2026-02-11 09:45:00+00:00,1471.0,1472.4000244140625,1469.0999755859375,1472.199951171875,859359
2026-02-12 03:45:00+00:00,1404.9000244140625,1433.300048828125,1404.300048828125,1428.5999755859375,2271763
2026-02-12 04:00:00+00:00,1400.699951171875,1406.5999755859375,1395.699951171875,1406.300048828125,1993613
2026-02-12 04:15:00+00:00,1402.4000244140625,1406.4000244140625,1396.5,1400.9000244140625,1127345
2026-02-12 04:30:00+00:00,1406.9000244140625,1408.300048828125,1399.5999755859375,1402.800048828125,942914
2026-02-12 04:45:00+00:00,1403.199951171875,1409.0,1402.5,1407.4000244140625,613951
2026-02-12 05:00:00+00:00,1407.0,1407.5,1401.4000244140625,1403.300048828125,614697
2026-02-12 05:15:00+00:00,1406.0999755859375,1408.800048828125,1403.0,1407.4000244140625,740480
2026-02-12 05:30:00+00:00,1405.0,1408.4000244140625,1404.0,1406.199951171875,632435
2026-02-12 05:45:00+00:00,1400.9000244140625,1406.4000244140625,1400.0,1405.0,515537
2026-02-12 06:00:00+00:00,1400.0,1401.0,1397.199951171875,1400.699951171875,500756
2026-02-12 06:15:00+00:00,1400.0999755859375,1401.5999755859375,1397.699951171875,1400.0,417408
2026-02-12 06:30:00+00:00,1399.5,1400.199951171875,1396.5,1400.0999755859375,468418
2026-02-12 06:45:00+00:00,1402.0999755859375,1403.5999755859375,1399.199951171875,1399.5,399446
2026-02-12 07:00:00+00:00,1398.9000244140625,1402.9000244140625,1398.5999755859375,1402.0999755859375,302085
2026-02-12 07:15:00+00:00,1399.5,1400.0,1398.800048828125,1398.9000244140625,224751
2026-02-12 07:30:00+00:00,1398.5999755859375,1399.800048828125,1396.199951171875,1399.5,352687
2026-02-12 07:45:00+00:00,1398.199951171875,1400.9000244140625,1397.5,1398.699951171875,429483
2026-02-12 08:00:00+00:00,1392.0,1398.5999755859375,1391.800048828125,1398.199951171875,782153
2026-02-12 08:15:00+00:00,1388.699951171875,1393.199951171875,1387.800048828125,1393.0999755859375,907760
2026-02-12 08:30:00+00:00,1387.9000244140625,1389.0,1385.5999755859375,1388.699951171875,821262
2026-02-12 08:45:00+00:00,1390.300048828125,1390.5,1386.300048828125,1387.9000244140625,737994
2026-02-12 09:00:00+00:00,1393.9000244140625,1395.0,1389.5,1390.0,1317621
2026-02-12 09:15:00+00:00,1389.4000244140625,1394.0,1388.800048828125,1393.5,1140485
2026-02-12 09:30:00+00:00,1386.5999755859375,1390.4000244140625,1383.0,1389.699951171875,3227429
2026-02-12 09:45:00+00:00,1384.0,1387.5999755859375,1380.5,1387.0,2377247
2026-02-13 03:45:00+00:00,1315.0,1323.9000244140625,1282.699951171875,1291.0999755859375,1799840
2026-02-13 04:00:00+00:00,1308.0,1316.300048828125,1296.800048828125,1315.199951171875,3444663
2026-02-13 04:15:00+00:00,1297.0,1308.0999755859375,1297.0,1308.0999755859375,1641043
2026-02-13 04:30:00+00:00,1299.9000244140625,1303.5,1296.199951171875,1297.0,1245683
2026-02-13 04:45:00+00:00,1315.199951171875,1315.800048828125,1299.0,1299.800048828125,2284091
2026-02-13 05:00:00+00:00,1327.5,1327.800048828125,1315.0999755859375,1315.300048828125,1829680
2026-02-13 05:15:00+00:00,1328.0,1330.4000244140625,1324.5,1327.300048828125,1362691
2026-02-13 05:30:00+00:00,1335.0,1335.5,1317.9000244140625,1327.5,1586442
2026-02-13 05:45:00+00:00,1335.300048828125,1338.800048828125,1328.5999755859375,1335.0,1356658
2026-02-13 06:00:00+00:00,1348.5999755859375,1348.5999755859375,1331.699951171875,1335.199951171875,2062098
2026-02-13 06:15:00+00:00,1353.800048828125,1355.199951171875,1344.699951171875,1349.300048828125,2658273
2026-02-13 06:30:00+00:00,1369.0999755859375,1373.300048828125,1353.699951171875,1354.0999755859375,2640536
2026-02-13 06:45:00+00:00,1368.199951171875,1370.5,1359.5,1369.0,1904198
2026-02-13 07:00:00+00:00,1367.0,1372.0999755859375,1364.5999755859375,1368.0,2220905
2026-02-13 07:15:00+00:00,1355.800048828125,1370.800048828125,1355.0,1367.0999755859375,1299719
2026-02-13 07:30:00+00:00,1356.800048828125,1359.800048828125,1353.800048828125,1355.5,1354671
2026-02-13 07:45:00+00:00,1358.5,1361.300048828125,1356.699951171875,1356.800048828125,664267
2026-02-13 08:00:00+00:00,1353.0999755859375,1360.0,1350.9000244140625,1359.0,1045624
2026-02-13 08:15:00+00:00,1364.199951171875,1364.199951171875,1349.800048828125,1353.199951171875,1710633
2026-02-13 08:30:00+00:00,1370.0999755859375,1370.800048828125,1362.9000244140625,1363.5,869825
2026-02-13 08:45:00+00:00,1373.5,1377.0,1368.800048828125,1370.199951171875,925040
2026-02-13 09:00:00+00:00,1371.800048828125,1374.5,1368.300048828125,1373.5,671342
2026-02-13 09:15:00+00:00,1369.800048828125,1372.300048828125,1367.4000244140625,1372.0999755859375,756326
2026-02-13 09:30:00+00:00,1369.5999755859375,1372.199951171875,1367.0,1370.0,1536492
2026-02-13 09:45:00+00:00,1369.0999755859375,1370.9000244140625,1366.5,1369.300048828125,1444090
2026-02-16 03:45:00+00:00,1349.0,1373.699951171875,1347.0,1373.699951171875,831477
2026-02-16 04:00:00+00:00,1348.699951171875,1357.199951171875,1347.5999755859375,1349.0,931958
2026-02-16 04:15:00+00:00,1349.5999755859375,1349.9000244140625,1344.5999755859375,1348.300048828125,586269
2026-02-16 04:30:00+00:00,1351.199951171875,1356.0,1348.0999755859375,1349.9000244140625,697282
2026-02-16 04:45:00+00:00,1348.4000244140625,1356.9000244140625,1347.199951171875,1351.5999755859375,784759
2026-02-16 05:00:00+00:00,1347.0,1349.5,1344.0999755859375,1348.0,447406
2026-02-16 05:15:00+00:00,1344.699951171875,1348.5999755859375,1342.800048828125,1347.0999755859375,394826
2026-02-16 05:30:00+00:00,1344.0,1344.9000244140625,1341.0,1344.699951171875,335921
2026-02-16 05:45:00+00:00,1340.199951171875,1344.300048828125,1339.199951171875,1344.0,406375
2026-02-16 06:00:00+00:00,1340.699951171875,1343.199951171875,1340.0,1340.0,324397
2026-02-16 06:15:00+00:00,1343.699951171875,1344.9000244140625,1338.5,1340.5999755859375,679634
2026-02-16 06:30:00+00:00,1346.4000244140625,1348.5,1343.5999755859375,1343.5999755859375,466415
2026-02-16 06:45:00+00:00,1347.9000244140625,1347.9000244140625,1343.4000244140625,1346.4000244140625,315980
2026-02-16 07:00:00+00:00,1347.4000244140625,1349.800048828125,1346.199951171875,1348.199951171875,1803186
2026-02-16 07:15:00+00:00,1345.4000244140625,1348.0,1343.5999755859375,1347.4000244140625,188427
2026-02-16 07:30:00+00:00,1346.300048828125,1349.0,1345.199951171875,1345.4000244140625,151338
2026-02-16 07:45:00+00:00,1347.0999755859375,1348.5,1345.699951171875,1346.5,183843
2026-02-16 08:00:00+00:00,1346.300048828125,1347.300048828125,1344.800048828125,1346.4000244140625,254564
2026-02-16 08:15:00+00:00,1344.800048828125,1346.9000244140625,1342.0,1346.4000244140625,266015
2026-02-16 08:30:00+00:00,1344.9000244140625,1346.0,1342.4000244140625,1344.800048828125,374409
2026-02-16 08:45:00+00:00,1356.199951171875,1356.699951171875,1343.0,1345.0,793851
2026-02-16 09:00:00+00:00,1359.5999755859375,1361.9000244140625,1355.4000244140625,1356.199951171875,652490
2026-02-16 09:15:00+00:00,1360.5,1361.800048828125,1355.9000244140625,1359.199951171875,684376
2026-02-16 09:30:00+00:00,1366.699951171875,1369.0,1360.4000244140625,1360.4000244140625,519138
2026-02-16 09:45:00+00:00,1370.0,1370.0,1364.300048828125,1366.699951171875,546893
2026-02-17 03:45:00+00:00,1384.0,1393.9000244140625,1367.9000244140625,1369.0,828508
2026-02-17 04:00:00+00:00,1400.0999755859375,1406.800048828125,1382.5999755859375,1384.300048828125,3047011
2026-02-17 04:15:00+00:00,1409.5999755859375,1410.800048828125,1397.699951171875,1400.800048828125,1628320
2026-02-17 04:30:00+00:00,1405.199951171875,1410.199951171875,1398.0,1409.5999755859375,1420980
2026-02-17 04:45:00+00:00,1404.5,1407.5,1402.699951171875,1405.4000244140625,481454
2026-02-17 05:00:00+00:00,1403.5999755859375,1407.800048828125,1403.199951171875,1404.5,589043
2026-02-17 05:15:00+00:00,1403.4000244140625,1406.5,1400.199951171875,1403.5999755859375,596278
2026-02-17 05:30:00+00:00,1404.199951171875,1406.699951171875,1402.5999755859375,1403.4000244140625,634404
2026-02-17 05:45:00+00:00,1414.0,1414.300048828125,1404.0,1404.199951171875,765851
2026-02-17 06:00:00+00:00,1423.300048828125,1427.4000244140625,1413.0999755859375,1414.0,2236689
2026-02-17 06:15:00+00:00,1422.9000244140625,1428.0,1421.5,1423.300048828125,953425
2026-02-17 06:30:00+00:00,1426.300048828125,1427.5,1422.5,1422.9000244140625,573237
2026-02-17 06:45:00+00:00,1427.699951171875,1431.0,1426.199951171875,1426.300048828125,1130154
2026-02-17 07:00:00+00:00,1422.300048828125,1428.199951171875,1420.0999755859375,1428.0,690976
2026-02-17 07:15:00+00:00,1419.0,1424.300048828125,1418.4000244140625,1422.300048828125,475363
2026-02-17 07:30:00+00:00,1417.5999755859375,1422.4000244140625,1416.0,1419.0,972859
2026-02-17 07:45:00+00:00,1411.0,1418.0,1411.0,1417.199951171875,907691
2026-02-17 08:00:00+00:00,1407.199951171875,1412.800048828125,1407.0999755859375,1411.199951171875,601210
2026-02-17 08:15:00+00:00,1401.300048828125,1408.199951171875,1400.4000244140625,1407.0,662248
2026-02-17 08:30:00+00:00,1397.9000244140625,1406.5999755859375,1396.5,1401.0999755859375,713981
2026-02-17 08:45:00+00:00,1392.5,1400.4000244140625,1391.0,1397.199951171875,665070
2026-02-17 09:00:00+00:00,1396.5999755859375,1398.300048828125,1388.0999755859375,1392.5999755859375,974724
2026-02-17 09:15:00+00:00,1393.0999755859375,1396.699951171875,1388.699951171875,1395.9000244140625,730917
2026-02-17 09:30:00+00:00,1391.5,1394.5999755859375,1388.300048828125,1393.0999755859375,1152620
2026-02-17 09:45:00+00:00,1391.199951171875,1391.9000244140625,1388.9000244140625,1391.5,1031701
2026-02-18 03:45:00+00:00,1371.0999755859375,1393.9000244140625,1363.5999755859375,1393.699951171875,1105398
2026-02-18 04:00:00+00:00,1358.300048828125,1371.0999755859375,1358.300048828125,1371.0999755859375,1298927
2026-02-18 04:15:00+00:00,1352.0,1361.699951171875,1350.300048828125,1358.9000244140625,1294036
2026-02-18 04:30:00+00:00,1353.0999755859375,1354.0,1345.300048828125,1352.0,1120896
2026-02-18 04:45:00+00:00,1355.300048828125,1355.699951171875,1350.199951171875,1353.5,551762
2026-02-18 05:00:00+00:00,1359.0,1360.800048828125,1353.5999755859375,1355.199951171875,1123759
2026-02-18 05:15:00+00:00,1365.199951171875,1365.699951171875,1358.4000244140625,1359.0,974812
2026-02-18 05:30:00+00:00,1365.5999755859375,1365.9000244140625,1364.5999755859375,1365.199951171875,980886
2026-02-18 05:45:00+00:00,1365.5999755859375,1366.0999755859375,1364.5999755859375,1365.5999755859375,636974
2026-02-18 06:00:00+00:00,1361.9000244140625,1371.5,1360.300048828125,1365.699951171875,913618
2026-02-18 06:15:00+00:00,1369.5,1370.0999755859375,1361.0,1362.4000244140625,487413
2026-02-18 06:30:00+00:00,1369.199951171875,1375.199951171875,1368.5999755859375,1369.5,780744
2026-02-18 06:45:00+00:00,1368.0999755859375,1371.9000244140625,1367.0,1369.4000244140625,286335
2026-02-18 07:00:00+00:00,1370.0,1371.800048828125,1367.800048828125,1368.4000244140625,235308
2026-02-18 07:15:00+00:00,1368.0999755859375,1370.0,1367.0,1370.0,245259
2026-02-18 07:30:00+00:00,1369.9000244140625,1370.300048828125,1365.199951171875,1368.300048828125,451551
2026-02-18 07:45:00+00:00,1368.800048828125,1373.800048828125,1367.9000244140625,1369.9000244140625,497174
2026-02-18 08:00:00+00:00,1368.5999755859375,1370.5,1367.4000244140625,1368.800048828125,220926
2026-02-18 08:15:00+00:00,1368.5,1371.300048828125,1366.4000244140625,1368.5,281734
2026-02-18 08:30:00+00:00,1373.5999755859375,1374.199951171875,1368.199951171875,1368.5,375096
2026-02-18 08:45:00+00:00,1373.5999755859375,1375.5,1372.300048828125,1373.5999755859375,573822
2026-02-18 09:00:00+00:00,1373.0999755859375,1375.4000244140625,1372.5,1373.9000244140625,576366
2026-02-18 09:15:00+00:00,1371.0,1373.9000244140625,1369.300048828125,1373.0999755859375,744857
2026-02-18 09:30:00+00:00,1373.800048828125,1375.300048828125,1371.5999755859375,1371.5999755859375,1075808
2026-02-18 09:45:00+00:00,1372.0,1374.5,1371.0,1373.800048828125,830410
2026-02-19 03:45:00+00:00,1387.300048828125,1398.0,1385.800048828125,1385.800048828125,623859
2026-02-19 04:00:00+00:00,1387.300048828125,1388.4000244140625,1382.4000244140625,1387.300048828125,539108
2026-02-19 04:15:00+00:00,1392.4000244140625,1393.5,1387.0,1387.300048828125,529079
2026-02-19 04:30:00+00:00,1396.199951171875,1401.5,1392.0,1392.0999755859375,786616
2026-02-19 04:45:00+00:00,1389.0,1396.800048828125,1387.0999755859375,1396.0999755859375,596170
2026-02-19 05:00:00+00:00,1395.0,1395.0999755859375,1387.5999755859375,1389.0,671423
2026-02-19 05:15:00+00:00,1395.5999755859375,1396.800048828125,1391.699951171875,1395.0999755859375,649295
2026-02-19 05:30:00+00:00,1392.0,1401.9000244140625,1391.199951171875,1395.0999755859375,958685
2026-02-19 05:45:00+00:00,1392.0,1394.300048828125,1388.699951171875,1392.0999755859375,612879
2026-02-19 06:00:00+00:00,1389.199951171875,1392.9000244140625,1388.800048828125,1392.0,438269
2026-02-19 06:15:00+00:00,1388.5,1389.699951171875,1387.0999755859375,1389.4000244140625,279636
2026-02-19 06:30:00+00:00,1381.800048828125,1388.5999755859375,1381.300048828125,1388.300048828125,327075
2026-02-19 06:45:00+00:00,1386.199951171875,1388.800048828125,1380.0,1381.699951171875,671360
2026-02-19 07:00:00+00:00,1382.300048828125,1386.699951171875,1380.0,1386.0,237547
2026-02-19 07:15:00+00:00,1384.5,1384.5,1380.0,1382.300048828125,237967
2026-02-19 07:30:00+00:00,1382.5,1387.800048828125,1382.300048828125,1384.199951171875,407255
2026-02-19 07:45:00+00:00,1384.0999755859375,1385.800048828125,1381.0999755859375,1382.5,300580
2026-02-19 08:00:00+00:00,1385.5999755859375,1386.9000244140625,1381.800048828125,1384.0,383863
2026-02-19 08:15:00+00:00,1382.300048828125,1386.0,1382.0,1385.5999755859375,195807
2026-02-19 08:30:00+00:00,1384.5999755859375,1385.0999755859375,1380.5999755859375,1382.300048828125,211768
2026-02-19 08:45:00+00:00,1382.9000244140625,1388.0,1382.199951171875,1384.5999755859375,338072
2026-02-19 09:00:00+00:00,1380.0999755859375,1386.0,1380.0999755859375,1382.9000244140625,232244
2026-02-19 09:15:00+00:00,1377.0999755859375,1380.300048828125,1375.0,1380.0999755859375,546036
2026-02-19 09:30:00+00:00,1368.5,1377.5,1367.300048828125,1377.0999755859375,1782409
2026-02-19 09:45:00+00:00,1366.5,1369.0,1363.5999755859375,1368.0,1101705
2026-02-20 03:45:00+00:00,1343.0,1353.0,1338.300048828125,1353.0,977568
2026-02-20 04:00:00+00:00,1351.4000244140625,1355.5,1342.300048828125,1343.0,1042598
2026-02-20 04:15:00+00:00,1354.300048828125,1354.5,1350.0,1351.300048828125,367522
2026-02-20 04:30:00+00:00,1355.199951171875,1356.800048828125,1351.0999755859375,1354.300048828125,343471
2026-02-20 04:45:00+00:00,1360.199951171875,1365.0,1355.300048828125,1355.300048828125,736573
2026-02-20 05:00:00+00:00,1361.5999755859375,1362.800048828125,1360.0,1360.0999755859375,261254
2026-02-20 05:15:00+00:00,1361.9000244140625,1363.0,1359.0,1361.5999755859375,296200
2026-02-20 05:30:00+00:00,1357.0,1362.0,1356.5,1361.5999755859375,287335
2026-02-20 05:45:00+00:00,1358.4000244140625,1359.0,1356.0,1357.300048828125,185034
2026-02-20 06:00:00+00:00,1359.9000244140625,1362.300048828125,1358.4000244140625,1358.5,322801
2026-02-20 06:15:00+00:00,1358.699951171875,1361.0,1356.300048828125,1359.9000244140625,258923
2026-02-20 06:30:00+00:00,1357.5,1358.699951171875,1355.0,1358.699951171875,149457
2026-02-20 06:45:00+00:00,1360.5999755859375,1361.699951171875,1357.4000244140625,1357.5,209836
2026-02-20 07:00:00+00:00,1355.9000244140625,1360.5,1355.0999755859375,1360.5,271310
2026-02-20 07:15:00+00:00,1357.4000244140625,1357.4000244140625,1354.0999755859375,1355.5999755859375,218358
2026-02-20 07:30:00+00:00,1356.699951171875,1360.0999755859375,1355.699951171875,1357.4000244140625,275060
2026-02-20 07:45:00+00:00,1357.0,1357.199951171875,1353.0,1356.5999755859375,348671
2026-02-20 08:00:00+00:00,1357.4000244140625,1360.4000244140625,1355.800048828125,1357.0999755859375,451994
2026-02-20 08:15:00+00:00,1358.199951171875,1358.4000244140625,1356.199951171875,1357.0,430974
2026-02-20 08:30:00+00:00,1357.5,1359.4000244140625,1357.0,1358.300048828125,381453
2026-02-20 08:45:00+00:00,1358.199951171875,1363.4000244140625,1355.5999755859375,1357.5,948986
2026-02-20 09:00:00+00:00,1358.5999755859375,1360.5999755859375,1356.4000244140625,1358.0,734145
2026-02-20 09:15:00+00:00,1357.5,1359.4000244140625,1357.0999755859375,1358.699951171875,325789
2026-02-20 09:30:00+00:00,1352.800048828125,1358.0999755859375,1351.199951171875,1358.0,805750
2026-02-20 09:45:00+00:00,1352.5,1353.5,1350.199951171875,1352.800048828125,766956
2026-02-23 03:45:00+00:00,1345.699951171875,1351.699951171875,1337.199951171875,1350.5,680272
2026-02-23 04:00:00+00:00,1336.5999755859375,1345.9000244140625,1331.800048828125,1345.699951171875,855796
2026-02-23 04:15:00+00:00,1331.5999755859375,1337.0,1330.0,1336.5999755859375,543623
2026-02-23 04:30:00+00:00,1333.5999755859375,1334.800048828125,1329.0999755859375,1331.5999755859375,488483
2026-02-23 04:45:00+00:00,1331.9000244140625,1334.5,1330.199951171875,1333.699951171875,649420
2026-02-23 05:00:00+00:00,1323.800048828125,1332.199951171875,1323.199951171875,1332.199951171875,727713
2026-02-23 05:15:00+00:00,1322.699951171875,1325.5,1322.4000244140625,1323.800048828125,371925
2026-02-23 05:30:00+00:00,1329.0,1329.800048828125,1322.0,1322.699951171875,391832
2026-02-23 05:45:00+00:00,1320.9000244140625,1329.0,1320.4000244140625,1329.0,502845
2026-02-23 06:00:00+00:00,1325.0,1325.4000244140625,1318.4000244140625,1320.699951171875,534627
2026-02-23 06:15:00+00:00,1330.0,1331.0,1324.5,1325.0999755859375,340013
2026-02-23 06:30:00+00:00,1326.0,1330.300048828125,1326.0,1330.0,239037
2026-02-23 06:45:00+00:00,1325.300048828125,1327.0999755859375,1325.0999755859375,1326.0999755859375,163109
2026-02-23 07:00:00+00:00,1327.800048828125,1327.9000244140625,1325.300048828125,1325.699951171875,213458
2026-02-23 07:15:00+00:00,1325.4000244140625,1329.300048828125,1325.0999755859375,1328.300048828125,333733
2026-02-23 07:30:00+00:00,1326.0999755859375,1328.199951171875,1325.0,1325.4000244140625,214945
2026-02-23 07:45:00+00:00,1328.0,1328.4000244140625,1325.699951171875,1326.0,160105
2026-02-23 08:00:00+00:00,1325.4000244140625,1328.9000244140625,1323.199951171875,1328.199951171875,377945
2026-02-23 08:15:00+00:00,1323.699951171875,1326.0999755859375,1323.5999755859375,1325.4000244140625,155345
2026-02-23 08:30:00+00:00,1327.5,1328.0999755859375,1322.4000244140625,1323.5999755859375,409801
2026-02-23 08:45:00+00:00,1330.699951171875,1331.0,1326.5,1327.5,463008
2026-02-23 09:00:00+00:00,1326.699951171875,1332.699951171875,1326.199951171875,1330.9000244140625,443998
2026-02-23 09:15:00+00:00,1327.0999755859375,1327.9000244140625,1326.0999755859375,1326.5999755859375,219985
2026-02-23 09:30:00+00:00,1325.5,1330.5,1325.300048828125,1328.0999755859375,935081
2026-02-23 09:45:00+00:00,1328.0,1329.5,1324.5999755859375,1325.5,1301190
2026-02-24 03:45:00+00:00,1284.800048828125,1297.0,1284.4000244140625,1292.5999755859375,942476
2026-02-24 04:00:00+00:00,1279.800048828125,1285.0,1277.0999755859375,1284.9000244140625,1585972
2026-02-24 04:15:00+00:00,1281.300048828125,1284.0999755859375,1278.5,1279.5,988276
2026-02-24 04:30:00+00:00,1280.5999755859375,1284.5,1279.699951171875,1281.199951171875,676961
2026-02-24 04:45:00+00:00,1282.5,1283.800048828125,1278.0,1280.5,847773
2026-02-24 05:00:00+00:00,1282.5,1287.199951171875,1281.699951171875,1282.300048828125,796658
2026-02-24 05:15:00+00:00,1279.9000244140625,1282.5999755859375,1277.800048828125,1282.5999755859375,867067
2026-02-24 05:30:00+00:00,1282.0999755859375,1282.5,1279.9000244140625,1279.9000244140625,428537
2026-02-24 05:45:00+00:00,1280.800048828125,1282.199951171875,1279.5999755859375,1282.0999755859375,422349
2026-02-24 06:00:00+00:00,1278.300048828125,1281.199951171875,1278.199951171875,1280.800048828125,507516
2026-02-24 06:15:00+00:00,1274.9000244140625,1279.5999755859375,1274.5999755859375,1278.5,830580
2026-02-24 06:30:00+00:00,1272.699951171875,1275.5,1269.0,1275.199951171875,1196300
2026-02-24 06:45:00+00:00,1271.0999755859375,1274.5,1270.5999755859375,1272.800048828125,471060
2026-02-24 07:00:00+00:00,1266.0999755859375,1272.5999755859375,1265.4000244140625,1271.0999755859375,1445967
2026-02-24 07:15:00+00:00,1269.5,1269.9000244140625,1265.0,1266.0999755859375,786171
2026-02-24 07:30:00+00:00,1270.800048828125,1272.699951171875,1268.699951171875,1269.5999755859375,721670
2026-02-24 07:45:00+00:00,1270.0999755859375,1272.0,1268.5999755859375,1270.800048828125,556092
2026-02-24 08:00:00+00:00,1273.699951171875,1274.699951171875,1268.9000244140625,1270.0999755859375,755884
2026-02-24 08:15:00+00:00,1277.199951171875,1277.800048828125,1273.0,1273.699951171875,873897
2026-02-24 08:30:00+00:00,1275.0999755859375,1277.300048828125,1272.0999755859375,1277.0,1449024
2026-02-24 08:45:00+00:00,1274.0,1276.0999755859375,1272.4000244140625,1275.5,1426297
2026-02-24 09:00:00+00:00,1275.0,1277.300048828125,1273.300048828125,1274.199951171875,1033286
2026-02-24 09:15:00+00:00,1272.800048828125,1275.0999755859375,1270.199951171875,1275.0,1312225
2026-02-24 09:30:00+00:00,1277.199951171875,1277.5999755859375,1271.9000244140625,1272.699951171875,2409616
2026-02-24 09:45:00+00:00,1280.4000244140625,1280.4000244140625,1275.199951171875,1277.4000244140625,1831499
2026-02-25 03:45:00+00:00,1300.5999755859375,1314.699951171875,1287.5,1287.5,1036020
2026-02-25 04:00:00+00:00,1306.0,1307.5999755859375,1295.199951171875,1300.800048828125,2311959
2026-02-25 04:15:00+00:00,1317.9000244140625,1320.5,1304.800048828125,1306.0,1574298
2026-02-25 04:30:00+00:00,1319.699951171875,1323.5,1315.0,1318.199951171875,1183618
2026-02-25 04:45:00+00:00,1314.0,1322.5,1311.4000244140625,1320.0,578131
2026-02-25 05:00:00+00:00,1306.5999755859375,1314.699951171875,1305.5999755859375,1314.0,421789
2026-02-25 05:15:00+00:00,1306.9000244140625,1309.699951171875,1305.5,1307.0999755859375,435621
2026-02-25 05:30:00+00:00,1307.4000244140625,1309.0999755859375,1304.199951171875,1307.0,402400
2026-02-25 05:45:00+00:00,1305.699951171875,1307.5999755859375,1303.4000244140625,1307.4000244140625,319139
2026-02-25 06:00:00+00:00,1303.699951171875,1307.5,1302.199951171875,1305.699951171875,271861
2026-02-25 06:15:00+00:00,1307.0,1307.9000244140625,1303.699951171875,1303.800048828125,277032
2026-02-25 06:30:00+00:00,1308.0999755859375,1308.800048828125,1305.0999755859375,1307.0,283423
2026-02-25 06:45:00+00:00,1301.5,1309.5,1301.4000244140625,1308.0,449641
2026-02-25 07:00:00+00:00,1293.199951171875,1302.800048828125,1292.800048828125,1301.5,508851
2026-02-25 07:15:00+00:00,1293.4000244140625,1294.0999755859375,1291.0999755859375,1293.199951171875,338399
2026-02-25 07:30:00+00:00,1292.800048828125,1294.4000244140625,1291.5,1293.4000244140625,224989
2026-02-25 07:45:00+00:00,1288.800048828125,1293.5,1286.5999755859375,1292.800048828125,447490
2026-02-25 08:00:00+00:00,1291.0999755859375,1292.800048828125,1288.800048828125,1288.800048828125,220099
2026-02-25 08:15:00+00:00,1292.9000244140625,1293.199951171875,1290.300048828125,1291.0999755859375,144258
2026-02-25 08:30:00+00:00,1294.300048828125,1294.5,1289.300048828125,1292.5999755859375,231434
2026-02-25 08:45:00+00:00,1291.5,1298.0999755859375,1290.800048828125,1294.300048828125,829292
2026-02-25 09:00:00+00:00,1294.0999755859375,1294.9000244140625,1290.5,1291.4000244140625,432804
2026-02-25 09:15:00+00:00,1290.800048828125,1294.699951171875,1289.0,1294.0999755859375,424229
2026-02-25 09:30:00+00:00,1289.800048828125,1292.800048828125,1289.0,1291.300048828125,826435
2026-02-25 09:45:00+00:00,1289.9000244140625,1291.300048828125,1287.5,1289.9000244140625,908129
2026-02-26 03:45:00+00:00,1300.199951171875,1312.5999755859375,1300.0,1308.5,645074
2026-02-26 04:00:00+00:00,1312.300048828125,1313.0,1300.0999755859375,1300.5,538062
2026-02-26 04:15:00+00:00,1307.199951171875,1314.0,1305.9000244140625,1311.9000244140625,452745
2026-02-26 04:30:00+00:00,1308.800048828125,1312.0,1307.0,1307.199951171875,331787
2026-02-26 04:45:00+00:00,1303.5,1309.0,1302.199951171875,1308.800048828125,338601
2026-02-26 05:00:00+00:00,1300.699951171875,1304.0,1300.0,1303.5999755859375,276633
2026-02-26 05:15:00+00:00,1298.199951171875,1302.4000244140625,1295.5,1300.5,380386
2026-02-26 05:30:00+00:00,1299.0999755859375,1300.0,1296.9000244140625,1298.199951171875,170852
2026-02-26 05:45:00+00:00,1298.5,1301.5,1298.0,1299.0999755859375,179832
2026-02-26 06:00:00+00:00,1296.4000244140625,1299.0999755859375,1294.4000244140625,1298.5,262552
2026-02-26 06:15:00+00:00,1295.300048828125,1299.5,1295.0999755859375,1296.4000244140625,282215
2026-02-26 06:30:00+00:00,1298.0,1299.699951171875,1295.0,1295.300048828125,327808
2026-02-26 06:45:00+00:00,1293.199951171875,1299.300048828125,1292.800048828125,1298.199951171875,338637
2026-02-26 07:00:00+00:00,1292.300048828125,1294.199951171875,1291.5999755859375,1293.0,364197
2026-02-26 07:15:00+00:00,1288.5,1293.199951171875,1288.0,1292.5999755859375,645062
2026-02-26 07:30:00+00:00,1288.300048828125,1292.4000244140625,1287.699951171875,1288.4000244140625,330431
2026-02-26 07:45:00+00:00,1289.9000244140625,1291.300048828125,1286.300048828125,1288.300048828125,402136
2026-02-26 08:00:00+00:00,1289.5999755859375,1290.4000244140625,1288.199951171875,1289.9000244140625,301729
2026-02-26 08:15:00+00:00,1292.5999755859375,1293.4000244140625,1289.0999755859375,1289.699951171875,572034
2026-02-26 08:30:00+00:00,1292.0,1293.300048828125,1289.0999755859375,1292.5,310660
2026-02-26 08:45:00+00:00,1290.4000244140625,1292.0,1288.5999755859375,1291.9000244140625,267381
2026-02-26 09:00:00+00:00,1294.0,1294.0,1289.0,1290.4000244140625,569143
2026-02-26 09:15:00+00:00,1290.699951171875,1295.0,1290.5999755859375,1294.0,368689
2026-02-26 09:30:00+00:00,1288.199951171875,1291.300048828125,1287.800048828125,1291.300048828125,981263
2026-02-26 09:45:00+00:00,1291.0,1291.0,1287.5,1288.199951171875,928534
2026-02-27 03:45:00+00:00,1311.300048828125,1335.0,1310.699951171875,1326.5,763370
2026-02-27 04:00:00+00:00,1306.300048828125,1313.5999755859375,1304.4000244140625,1311.5,705766
2026-02-27 04:15:00+00:00,1308.5,1309.0,1305.199951171875,1306.300048828125,366870
2026-02-27 04:30:00+00:00,1303.0999755859375,1308.5,1302.4000244140625,1308.5,337451
2026-02-27 04:45:00+00:00,1303.699951171875,1305.5,1301.0,1303.199951171875,247255
2026-02-27 05:00:00+00:00,1304.5,1306.800048828125,1303.0999755859375,1303.5999755859375,172975
2026-02-27 05:15:00+00:00,1304.0,1306.0,1302.4000244140625,1304.800048828125,131392
2026-02-27 05:30:00+00:00,1306.0999755859375,1307.699951171875,1301.300048828125,1304.4000244140625,247857
2026-02-27 05:45:00+00:00,1309.5,1309.5999755859375,1306.0,1306.0999755859375,293289
2026-02-27 06:00:00+00:00,1306.9000244140625,1311.0999755859375,1306.0,1309.699951171875,261806
2026-02-27 06:15:00+00:00,1305.800048828125,1308.0999755859375,1304.0999755859375,1307.0,184378
2026-02-27 06:30:00+00:00,1305.699951171875,1306.5,1304.0999755859375,1305.699951171875,139092
2026-02-27 06:45:00+00:00,1306.5999755859375,1307.800048828125,1305.4000244140625,1305.5999755859375,185061
2026-02-27 07:00:00+00:00,1304.4000244140625,1307.5,1304.0999755859375,1306.5999755859375,159278
2026-02-27 07:15:00+00:00,1303.4000244140625,1305.300048828125,1302.5,1304.300048828125,194067
2026-02-27 07:30:00+00:00,1306.4000244140625,1307.9000244140625,1303.300048828125,1303.300048828125,191454
2026-02-27 07:45:00+00:00,1307.5999755859375,1307.5999755859375,1304.5,1306.5999755859375,182894
2026-02-27 08:00:00+00:00,1311.4000244140625,1313.5,1306.9000244140625,1307.5999755859375,491889
2026-02-27 08:15:00+00:00,1313.300048828125,1315.0,1310.5,1311.199951171875,412298
2026-02-27 08:30:00+00:00,1307.699951171875,1314.199951171875,1307.199951171875,1313.4000244140625,422266
2026-02-27 08:45:00+00:00,1304.5,1307.699951171875,1303.800048828125,1307.699951171875,364147
2026-02-27 09:00:00+00:00,1304.4000244140625,1305.5,1303.5,1304.5,366043
2026-02-27 09:15:00+00:00,1305.699951171875,1306.4000244140625,1304.0,1304.800048828125,355916
2026-02-27 09:30:00+00:00,1300.5999755859375,1305.699951171875,1298.0999755859375,1305.699951171875,7601185
2026-02-27 09:45:00+00:00,1299.0,1302.4000244140625,1296.5999755859375,1300.5999755859375,6218918
2026-03-02 03:45:00+00:00,1292.800048828125,1296.4000244140625,1285.0,1292.699951171875,465305
2026-03-02 04:00:00+00:00,1294.4000244140625,1298.800048828125,1291.5,1292.5,436180
2026-03-02 04:15:00+00:00,1296.5999755859375,1298.0,1292.0,1294.4000244140625,264364
2026-03-02 04:30:00+00:00,1295.4000244140625,1297.0999755859375,1293.300048828125,1296.5999755859375,129003
2026-03-02 04:45:00+00:00,1294.199951171875,1296.0999755859375,1293.0,1295.699951171875,123837
2026-03-02 05:00:00+00:00,1294.800048828125,1296.0,1293.199951171875,1293.800048828125,119631
2026-03-02 05:15:00+00:00,1296.5,1296.9000244140625,1293.9000244140625,1294.699951171875,115953
2026-03-02 05:30:00+00:00,1291.800048828125,1297.0,1291.5,1296.699951171875,146655
2026-03-02 05:45:00+00:00,1285.699951171875,1292.0,1285.0,1291.800048828125,268297
2026-03-02 06:00:00+00:00,1283.5,1285.800048828125,1279.0,1285.699951171875,361299
2026-03-02 06:15:00+00:00,1277.0999755859375,1284.0,1277.0999755859375,1283.9000244140625,205434
2026-03-02 06:30:00+00:00,1277.300048828125,1279.800048828125,1274.0,1277.199951171875,222771
2026-03-02 06:45:00+00:00,1277.5999755859375,1278.5,1275.699951171875,1277.300048828125,193410
2026-03-02 07:00:00+00:00,1276.5,1279.800048828125,1276.0,1277.5,257763
2026-03-02 07:15:00+00:00,1276.800048828125,1277.5,1273.0,1276.4000244140625,286234
2026-03-02 07:30:00+00:00,1276.5999755859375,1277.5999755859375,1275.5999755859375,1276.800048828125,126406
2026-03-02 07:45:00+00:00,1278.0,1278.800048828125,1276.5,1276.800048828125,248636
2026-03-02 08:00:00+00:00,1277.4000244140625,1280.4000244140625,1276.5,1278.5,238115
2026-03-02 08:15:00+00:00,1274.300048828125,1277.800048828125,1274.0,1277.699951171875,216421
2026-03-02 08:30:00+00:00,1284.5999755859375,1284.5999755859375,1274.0,1274.300048828125,390495
2026-03-02 08:45:00+00:00,1283.0999755859375,1286.800048828125,1282.4000244140625,1284.699951171875,395125
2026-03-02 09:00:00+00:00,1288.9000244140625,1290.5999755859375,1281.5999755859375,1283.0999755859375,533154
2026-03-02 09:15:00+00:00,1286.4000244140625,1289.699951171875,1286.199951171875,1289.0999755859375,262364
2026-03-02 09:30:00+00:00,1289.800048828125,1291.0999755859375,1285.199951171875,1286.5,1513161
2026-03-02 09:45:00+00:00,1288.300048828125,1291.199951171875,1286.5999755859375,1289.699951171875,1078328
2026-03-04 03:45:00+00:00,1309.300048828125,1315.5999755859375,1293.0,1293.0,862386
2026-03-04 04:00:00+00:00,1314.0,1314.0,1306.0999755859375,1310.0,696676
2026-03-04 04:15:00+00:00,1307.5,1317.0,1307.0,1314.0,664496
2026-03-04 04:30:00+00:00,1308.199951171875,1310.800048828125,1305.0,1307.300048828125,482672
2026-03-04 04:45:00+00:00,1305.5,1310.0,1305.0,1308.5999755859375,295237
2026-03-04 05:00:00+00:00,1299.0,1305.5999755859375,1298.199951171875,1305.5999755859375,442949
2026-03-04 05:15:00+00:00,1305.300048828125,1306.5,1298.199951171875,1298.9000244140625,679672
2026-03-04 05:30:00+00:00,1308.800048828125,1310.0,1304.5,1305.5999755859375,356184
2026-03-04 05:45:00+00:00,1298.5,1309.0,1298.5,1308.5,299235
2026-03-04 06:00:00+00:00,1298.0999755859375,1300.0,1297.5999755859375,1298.5,281032
2026-03-04 06:15:00+00:00,1299.300048828125,1300.9000244140625,1298.0999755859375,1298.199951171875,188470
2026-03-04 06:30:00+00:00,1302.300048828125,1303.5,1299.300048828125,1299.300048828125,340094
2026-03-04 06:45:00+00:00,1301.0,1302.4000244140625,1300.199951171875,1302.300048828125,167834
2026-03-04 07:00:00+00:00,1300.5,1301.5,1299.0999755859375,1301.0,235912
2026-03-04 07:15:00+00:00,1302.5999755859375,1304.4000244140625,1300.199951171875,1300.4000244140625,234116
2026-03-04 07:30:00+00:00,1304.699951171875,1305.0,1302.300048828125,1302.800048828125,200128
2026-03-04 07:45:00+00:00,1300.5999755859375,1305.0999755859375,1300.5999755859375,1304.699951171875,170969
2026-03-04 08:00:00+00:00,1300.4000244140625,1301.0999755859375,1295.4000244140625,1300.800048828125,602334
2026-03-04 08:15:00+00:00,1297.5,1301.800048828125,1296.199951171875,1301.0,433620
2026-03-04 08:30:00+00:00,1303.800048828125,1303.9000244140625,1297.199951171875,1297.5,580113
2026-03-04 08:45:00+00:00,1305.5999755859375,1307.0,1302.699951171875,1303.9000244140625,684343
2026-03-04 09:00:00+00:00,1312.0999755859375,1313.5,1305.0,1305.5999755859375,1143772
2026-03-04 09:15:00+00:00,1313.199951171875,1314.5999755859375,1308.800048828125,1311.9000244140625,673214
2026-03-04 09:30:00+00:00,1307.300048828125,1313.199951171875,1306.300048828125,1313.199951171875,1516933
2026-03-04 09:45:00+00:00,1307.4000244140625,1307.5999755859375,1305.300048828125,1307.199951171875,1334542
2026-03-05 03:45:00+00:00,1304.4000244140625,1317.9000244140625,1304.0999755859375,1317.9000244140625,403227
2026-03-05 04:00:00+00:00,1302.0999755859375,1305.4000244140625,1297.5999755859375,1304.5999755859375,437567
2026-03-05 04:15:00+00:00,1302.5999755859375,1304.0,1301.0,1302.5,158982
2026-03-05 04:30:00+00:00,1297.0999755859375,1303.0,1296.5,1302.5999755859375,251359
2026-03-05 04:45:00+00:00,1293.300048828125,1297.0999755859375,1292.300048828125,1297.0999755859375,397062
2026-03-05 05:00:00+00:00,1294.0,1295.199951171875,1290.300048828125,1293.300048828125,522878
2026-03-05 05:15:00+00:00,1294.300048828125,1295.5999755859375,1292.800048828125,1294.4000244140625,160619
2026-03-05 05:30:00+00:00,1293.5,1295.0999755859375,1293.5,1294.300048828125,238820
2026-03-05 05:45:00+00:00,1294.5999755859375,1295.9000244140625,1293.5,1293.5999755859375,329283
2026-03-05 06:00:00+00:00,1294.800048828125,1295.699951171875,1293.5,1294.5,180781
2026-03-05 06:15:00+00:00,1296.0,1296.300048828125,1290.199951171875,1295.5,562261
2026-03-05 06:30:00+00:00,1298.800048828125,1299.4000244140625,1295.4000244140625,1296.0999755859375,596660
2026-03-05 06:45:00+00:00,1300.4000244140625,1300.4000244140625,1295.4000244140625,1298.0999755859375,304866
2026-03-05 07:00:00+00:00,1297.4000244140625,1301.0,1296.199951171875,1300.5999755859375,109575
2026-03-05 07:15:00+00:00,1300.199951171875,1300.4000244140625,1296.0999755859375,1297.800048828125,323180
2026-03-05 07:30:00+00:00,1300.699951171875,1302.0,1298.199951171875,1300.199951171875,377310
2026-03-05 07:45:00+00:00,1302.0,1302.300048828125,1298.4000244140625,1300.9000244140625,310446
2026-03-05 08:00:00+00:00,1300.0999755859375,1303.800048828125,1297.5,1302.300048828125,324803
2026-03-05 08:15:00+00:00,1300.0999755859375,1301.9000244140625,1298.800048828125,1300.199951171875,200909
2026-03-05 08:30:00+00:00,1298.199951171875,1301.0,1296.300048828125,1300.0,316913
2026-03-05 08:45:00+00:00,1301.300048828125,1301.9000244140625,1297.0,1298.199951171875,393215
2026-03-05 09:00:00+00:00,1307.0,1309.0,1299.0999755859375,1301.699951171875,594289
2026-03-05 09:15:00+00:00,1309.5,1311.199951171875,1305.199951171875,1306.5999755859375,510021
2026-03-05 09:30:00+00:00,1304.0999755859375,1310.9000244140625,1303.5999755859375,1309.5999755859375,949949
2026-03-05 09:45:00+00:00,1305.800048828125,1306.0999755859375,1301.5,1304.0,714659
2026-03-06 03:45:00+00:00,1322.4000244140625,1326.5,1306.5999755859375,1306.5999755859375,423289
2026-03-06 04:00:00+00:00,1318.0,1322.300048828125,1316.0999755859375,1322.300048828125,392513
2026-03-06 04:15:00+00:00,1318.5,1319.199951171875,1317.4000244140625,1317.5999755859375,156921
2026-03-06 04:30:00+00:00,1319.0,1319.800048828125,1317.800048828125,1318.300048828125,201481
2026-03-06 04:45:00+00:00,1320.0999755859375,1320.5999755859375,1318.300048828125,1319.0999755859375,230367
2026-03-06 05:00:00+00:00,1320.0,1320.9000244140625,1315.0,1320.0,536507
2026-03-06 05:15:00+00:00,1317.699951171875,1320.199951171875,1316.300048828125,1320.199951171875,248502
2026-03-06 05:30:00+00:00,1316.5,1318.5999755859375,1316.5,1317.699951171875,125514
2026-03-06 05:45:00+00:00,1313.800048828125,1316.5,1313.0,1316.5,187692
2026-03-06 06:00:00+00:00,1313.0,1315.199951171875,1312.699951171875,1313.800048828125,204555
2026-03-06 06:15:00+00:00,1314.199951171875,1315.5999755859375,1311.199951171875,1313.0,251126
2026-03-06 06:30:00+00:00,1312.9000244140625,1316.5,1312.5,1314.199951171875,653381
2026-03-06 06:45:00+00:00,1309.0999755859375,1315.5,1308.300048828125,1313.0,333473
2026-03-06 07:00:00+00:00,1311.5999755859375,1311.9000244140625,1308.9000244140625,1309.0999755859375,126398
2026-03-06 07:15:00+00:00,1311.199951171875,1312.699951171875,1309.9000244140625,1311.5999755859375,91365
2026-03-06 07:30:00+00:00,1307.9000244140625,1312.300048828125,1307.5,1311.199951171875,134074
2026-03-06 07:45:00+00:00,1307.699951171875,1309.300048828125,1307.0,1308.0,284570
2026-03-06 08:00:00+00:00,1310.5999755859375,1311.800048828125,1307.199951171875,1307.699951171875,157776
2026-03-06 08:15:00+00:00,1306.4000244140625,1310.699951171875,1306.4000244140625,1310.0999755859375,310612
2026-03-06 08:30:00+00:00,1310.0,1310.699951171875,1305.5,1306.800048828125,451359
2026-03-06 08:45:00+00:00,1311.699951171875,1314.4000244140625,1309.800048828125,1310.0999755859375,248528
2026-03-06 09:00:00+00:00,1312.199951171875,1314.5,1311.199951171875,1311.9000244140625,244034
2026-03-06 09:15:00+00:00,1309.4000244140625,1313.5,1305.699951171875,1312.199951171875,522209
2026-03-06 09:30:00+00:00,1309.9000244140625,1310.0999755859375,1306.9000244140625,1309.699951171875,676924
2026-03-06 09:45:00+00:00,1310.5,1312.4000244140625,1306.5999755859375,1309.9000244140625,692858
2026-03-09 03:45:00+00:00,1295.300048828125,1299.800048828125,1283.300048828125,1290.0,475170
2026-03-09 04:00:00+00:00,1289.0999755859375,1300.4000244140625,1288.0999755859375,1295.0999755859375,754124
2026-03-09 04:15:00+00:00,1291.0,1294.800048828125,1288.0999755859375,1289.4000244140625,272333
2026-03-09 04:30:00+00:00,1292.4000244140625,1294.5,1290.300048828125,1291.4000244140625,200085
2026-03-09 04:45:00+00:00,1293.5,1296.0999755859375,1291.5999755859375,1292.199951171875,197067
2026-03-09 05:00:00+00:00,1295.9000244140625,1295.9000244140625,1291.199951171875,1293.5,158895
2026-03-09 05:15:00+00:00,1297.4000244140625,1301.800048828125,1293.5,1295.9000244140625,383295
2026-03-09 05:30:00+00:00,1296.5999755859375,1297.5,1293.0,1297.300048828125,224854
2026-03-09 05:45:00+00:00,1300.800048828125,1302.800048828125,1294.699951171875,1296.699951171875,462815
2026-03-09 06:00:00+00:00,1300.800048828125,1303.5,1297.9000244140625,1300.300048828125,339643
2026-03-09 06:15:00+00:00,1298.9000244140625,1304.699951171875,1298.0999755859375,1300.699951171875,371234
2026-03-09 06:30:00+00:00,1296.4000244140625,1298.9000244140625,1294.300048828125,1298.9000244140625,756404
2026-03-09 06:45:00+00:00,1299.4000244140625,1299.5,1293.0999755859375,1296.5,423647
2026-03-09 07:00:00+00:00,1299.5,1299.800048828125,1296.0999755859375,1299.4000244140625,143202
2026-03-09 07:15:00+00:00,1299.5,1299.9000244140625,1295.300048828125,1299.5,197191
2026-03-09 07:30:00+00:00,1301.300048828125,1302.9000244140625,1299.0999755859375,1299.4000244140625,599006
2026-03-09 07:45:00+00:00,1300.699951171875,1302.5999755859375,1299.5,1300.9000244140625,357307
2026-03-09 08:00:00+00:00,1303.699951171875,1304.699951171875,1300.5999755859375,1300.699951171875,214666
2026-03-09 08:15:00+00:00,1301.5999755859375,1304.0,1300.4000244140625,1303.5999755859375,159529
2026-03-09 08:30:00+00:00,1304.800048828125,1306.0,1301.0999755859375,1301.9000244140625,213386
2026-03-09 08:45:00+00:00,1305.4000244140625,1305.4000244140625,1301.4000244140625,1304.5999755859375,243278
2026-03-09 09:00:00+00:00,1308.0,1308.5999755859375,1305.199951171875,1305.300048828125,273431
2026-03-09 09:15:00+00:00,1311.199951171875,1313.5999755859375,1307.4000244140625,1308.199951171875,385904
2026-03-09 09:30:00+00:00,1315.800048828125,1317.0,1309.699951171875,1311.300048828125,686489
2026-03-09 09:45:00+00:00,1315.800048828125,1317.0,1314.0,1315.699951171875,700530
2026-03-10 03:45:00+00:00,1301.800048828125,1320.0,1300.0999755859375,1320.0,315412
2026-03-10 04:00:00+00:00,1298.5,1302.199951171875,1295.0999755859375,1302.0999755859375,701666
2026-03-10 04:15:00+00:00,1296.699951171875,1299.9000244140625,1294.699951171875,1298.5,270393
2026-03-10 04:30:00+00:00,1298.300048828125,1298.800048828125,1294.5,1296.9000244140625,209435
2026-03-10 04:45:00+00:00,1299.4000244140625,1300.800048828125,1296.0,1298.4000244140625,200064
2026-03-10 05:00:00+00:00,1300.5,1302.0,1297.0,1298.800048828125,175982
2026-03-10 05:15:00+00:00,1298.5999755859375,1301.0,1298.0,1300.5,108995
2026-03-10 05:30:00+00:00,1297.0999755859375,1299.0,1295.4000244140625,1298.5999755859375,135960
2026-03-10 05:45:00+00:00,1295.0,1297.9000244140625,1294.199951171875,1297.199951171875,209333
2026-03-10 06:00:00+00:00,1294.5,1296.5999755859375,1294.199951171875,1295.4000244140625,134895
2026-03-10 06:15:00+00:00,1291.699951171875,1295.0999755859375,1290.199951171875,1294.300048828125,239951
2026-03-10 06:30:00+00:00,1290.699951171875,1293.0999755859375,1290.5,1291.800048828125,172056
2026-03-10 06:45:00+00:00,1289.800048828125,1290.800048828125,1287.199951171875,1290.699951171875,319814
2026-03-10 07:00:00+00:00,1285.0999755859375,1292.699951171875,1285.0999755859375,1289.9000244140625,749623
2026-03-10 07:15:00+00:00,1290.4000244140625,1290.699951171875,1284.300048828125,1285.300048828125,277871
2026-03-10 07:30:00+00:00,1288.800048828125,1291.9000244140625,1287.699951171875,1290.4000244140625,425057
2026-03-10 07:45:00+00:00,1290.699951171875,1290.9000244140625,1287.5,1288.800048828125,265993
2026-03-10 08:00:00+00:00,1292.0,1294.9000244140625,1290.699951171875,1290.699951171875,430682
2026-03-10 08:15:00+00:00,1292.9000244140625,1293.9000244140625,1291.300048828125,1292.0,102195
2026-03-10 08:30:00+00:00,1293.300048828125,1295.800048828125,1292.0,1292.9000244140625,243054
2026-03-10 08:45:00+00:00,1293.5,1293.9000244140625,1291.4000244140625,1293.300048828125,264534
2026-03-10 09:00:00+00:00,1293.0999755859375,1295.0,1291.199951171875,1293.5,366144
2026-03-10 09:15:00+00:00,1296.800048828125,1298.0,1292.9000244140625,1293.199951171875,457190
2026-03-10 09:30:00+00:00,1295.0999755859375,1297.199951171875,1292.5999755859375,1297.199951171875,1478808
2026-03-10 09:45:00+00:00,1296.5999755859375,1298.0,1294.800048828125,1295.199951171875,771637
2026-03-11 03:45:00+00:00,1294.0999755859375,1299.300048828125,1287.800048828125,1292.699951171875,302830
2026-03-11 04:00:00+00:00,1287.199951171875,1293.800048828125,1286.0999755859375,1293.800048828125,863031
2026-03-11 04:15:00+00:00,1287.0,1290.4000244140625,1286.5,1287.199951171875,262724
2026-03-11 04:30:00+00:00,1283.199951171875,1287.9000244140625,1282.0,1287.199951171875,368902
2026-03-11 04:45:00+00:00,1285.5,1286.4000244140625,1282.800048828125,1283.0999755859375,167523
2026-03-11 05:00:00+00:00,1283.199951171875,1286.5,1282.5999755859375,1285.4000244140625,168943
2026-03-11 05:15:00+00:00,1284.800048828125,1285.0,1282.0,1283.0,130290
2026-03-11 05:30:00+00:00,1285.0,1286.0,1283.5999755859375,1284.5999755859375,111460
2026-03-11 05:45:00+00:00,1284.699951171875,1285.300048828125,1282.300048828125,1285.0,123699
2026-03-11 06:00:00+00:00,1284.5,1284.800048828125,1282.5,1284.5999755859375,98748
2026-03-11 06:15:00+00:00,1283.199951171875,1284.699951171875,1282.199951171875,1284.5,110240
2026-03-11 06:30:00+00:00,1283.9000244140625,1285.0,1282.5,1283.199951171875,133516
2026-03-11 06:45:00+00:00,1284.199951171875,1284.5999755859375,1281.5,1283.9000244140625,156165
2026-03-11 07:00:00+00:00,1284.9000244140625,1285.0,1281.5999755859375,1284.199951171875,251561
2026-03-11 07:15:00+00:00,1281.199951171875,1285.0,1281.0,1284.9000244140625,119249
2026-03-11 07:30:00+00:00,1279.9000244140625,1283.699951171875,1278.0,1281.199951171875,501644
2026-03-11 07:45:00+00:00,1280.800048828125,1281.0,1278.699951171875,1279.9000244140625,286099
2026-03-11 08:00:00+00:00,1279.9000244140625,1282.0,1279.699951171875,1280.4000244140625,283973
2026-03-11 08:15:00+00:00,1280.9000244140625,1280.9000244140625,1277.699951171875,1279.9000244140625,227174
2026-03-11 08:30:00+00:00,1280.0,1281.5,1279.0,1280.9000244140625,143083
2026-03-11 08:45:00+00:00,1281.800048828125,1281.9000244140625,1277.0,1280.0,229902
2026-03-11 09:00:00+00:00,1279.4000244140625,1281.9000244140625,1278.300048828125,1281.800048828125,252078
2026-03-11 09:15:00+00:00,1277.5,1280.5,1277.300048828125,1279.199951171875,259519
2026-03-11 09:30:00+00:00,1277.0999755859375,1280.300048828125,1275.300048828125,1277.5999755859375,630043
2026-03-11 09:45:00+00:00,1275.800048828125,1278.0,1271.5999755859375,1277.0999755859375,1092872
2026-03-12 03:45:00+00:00,1267.0,1271.4000244140625,1262.9000244140625,1269.300048828125,288552
2026-03-12 04:00:00+00:00,1267.5999755859375,1269.0,1264.699951171875,1267.0,371155
2026-03-12 04:15:00+00:00,1271.0999755859375,1271.9000244140625,1265.0999755859375,1267.5999755859375,266073
2026-03-12 04:30:00+00:00,1261.9000244140625,1271.5,1260.199951171875,1271.0999755859375,359959
2026-03-12 04:45:00+00:00,1266.5999755859375,1268.9000244140625,1258.199951171875,1261.4000244140625,273137
2026-03-12 05:00:00+00:00,1267.5999755859375,1269.0,1264.4000244140625,1266.5999755859375,137808
2026-03-12 05:15:00+00:00,1273.699951171875,1273.9000244140625,1266.699951171875,1267.5999755859375,177762
2026-03-12 05:30:00+00:00,1273.4000244140625,1275.699951171875,1272.300048828125,1273.699951171875,196037
2026-03-12 05:45:00+00:00,1273.5,1274.4000244140625,1269.5999755859375,1273.199951171875,211443
2026-03-12 06:00:00+00:00,1275.0999755859375,1275.0999755859375,1271.0999755859375,1273.5,130669
2026-03-12 06:15:00+00:00,1278.5,1278.5,1274.300048828125,1275.4000244140625,152837
2026-03-12 06:30:00+00:00,1274.300048828125,1278.5,1273.0999755859375,1278.5,147374
2026-03-12 06:45:00+00:00,1272.4000244140625,1275.0,1272.0999755859375,1274.4000244140625,99585
2026-03-12 07:00:00+00:00,1273.0999755859375,1274.5,1271.800048828125,1272.199951171875,163225
2026-03-12 07:15:00+00:00,1273.4000244140625,1274.5,1272.699951171875,1273.300048828125,187457
2026-03-12 07:30:00+00:00,1271.5999755859375,1273.9000244140625,1268.800048828125,1273.4000244140625,198301
2026-03-12 07:45:00+00:00,1273.699951171875,1273.800048828125,1269.0,1271.5999755859375,220971
2026-03-12 08:00:00+00:00,1271.300048828125,1275.0,1271.0,1273.699951171875,296882
2026-03-12 08:15:00+00:00,1270.199951171875,1271.800048828125,1269.5,1271.4000244140625,182015
2026-03-12 08:30:00+00:00,1271.699951171875,1272.699951171875,1268.5,1270.300048828125,207417
2026-03-12 08:45:00+00:00,1266.5999755859375,1273.300048828125,1266.5,1271.699951171875,153606
2026-03-12 09:00:00+00:00,1266.0,1271.0,1265.699951171875,1266.0,307119
2026-03-12 09:15:00+00:00,1264.5,1267.5999755859375,1263.199951171875,1266.0,367705
2026-03-12 09:30:00+00:00,1265.699951171875,1270.0999755859375,1260.4000244140625,1264.300048828125,1180385
2026-03-12 09:45:00+00:00,1265.0,1268.0,1263.199951171875,1265.699951171875,877513
2026-03-13 03:45:00+00:00,1251.5999755859375,1254.9000244140625,1248.199951171875,1251.0,223875
2026-03-13 04:00:00+00:00,1253.5,1254.0,1248.300048828125,1251.5999755859375,254760
2026-03-13 04:15:00+00:00,1252.300048828125,1254.800048828125,1249.5,1253.5,280294
2026-03-13 04:30:00+00:00,1256.199951171875,1256.5999755859375,1251.199951171875,1252.300048828125,229909
2026-03-13 04:45:00+00:00,1265.5,1265.5,1255.9000244140625,1256.300048828125,348295
2026-03-13 05:00:00+00:00,1267.0,1269.5999755859375,1263.5,1265.4000244140625,233769
2026-03-13 05:15:00+00:00,1264.800048828125,1268.4000244140625,1264.300048828125,1267.4000244140625,178625
2026-03-13 05:30:00+00:00,1261.5999755859375,1265.4000244140625,1258.9000244140625,1264.5999755859375,242991
2026-03-13 05:45:00+00:00,1266.199951171875,1266.699951171875,1260.300048828125,1261.5,112990
2026-03-13 06:00:00+00:00,1264.9000244140625,1266.5999755859375,1264.300048828125,1266.5999755859375,95244
2026-03-13 06:15:00+00:00,1261.5999755859375,1265.9000244140625,1261.300048828125,1264.699951171875,108972
2026-03-13 06:30:00+00:00,1262.5999755859375,1263.9000244140625,1260.0999755859375,1261.699951171875,113418
2026-03-13 06:45:00+00:00,1263.0,1264.199951171875,1261.199951171875,1263.0999755859375,109045
2026-03-13 07:00:00+00:00,1260.300048828125,1263.0,1259.0999755859375,1263.0,225430
2026-03-13 07:15:00+00:00,1256.800048828125,1261.0,1256.199951171875,1260.0,125867
2026-03-13 07:30:00+00:00,1253.0,1256.9000244140625,1253.0,1256.9000244140625,125429
2026-03-13 07:45:00+00:00,1252.4000244140625,1253.800048828125,1250.0,1253.5999755859375,167180
2026-03-13 08:00:00+00:00,1250.5,1253.699951171875,1250.0,1252.5,109137
2026-03-13 08:15:00+00:00,1248.300048828125,1252.199951171875,1248.0999755859375,1250.800048828125,383956
2026-03-13 08:30:00+00:00,1252.0999755859375,1252.4000244140625,1248.300048828125,1248.300048828125,553956
2026-03-13 08:45:00+00:00,1250.9000244140625,1253.300048828125,1249.5999755859375,1252.199951171875,313533
2026-03-13 09:00:00+00:00,1251.699951171875,1253.300048828125,1249.0,1250.5,498170
2026-03-13 09:15:00+00:00,1251.300048828125,1251.9000244140625,1247.699951171875,1251.800048828125,496600
2026-03-13 09:30:00+00:00,1248.0999755859375,1252.0,1247.5,1250.699951171875,637403
2026-03-13 09:45:00+00:00,1248.300048828125,1252.300048828125,1243.300048828125,1248.0,810470
2026-03-16 03:45:00+00:00,1242.9000244140625,1253.5999755859375,1236.5,1245.800048828125,359196
2026-03-16 04:00:00+00:00,1240.4000244140625,1244.0,1238.699951171875,1243.199951171875,262611
2026-03-16 04:15:00+00:00,1237.4000244140625,1243.0999755859375,1237.0999755859375,1240.5,215096
2026-03-16 04:30:00+00:00,1238.0999755859375,1239.699951171875,1236.300048828125,1237.0,182261
2026-03-16 04:45:00+00:00,1228.800048828125,1238.0,1228.0999755859375,1238.0,302449
2026-03-16 05:00:00+00:00,1231.9000244140625,1232.800048828125,1228.5,1228.9000244140625,229243
2026-03-16 05:15:00+00:00,1230.0,1232.9000244140625,1226.199951171875,1231.9000244140625,206739
2026-03-16 05:30:00+00:00,1229.9000244140625,1231.0999755859375,1225.5999755859375,1230.0,374804
2026-03-16 05:45:00+00:00,1230.800048828125,1233.300048828125,1229.800048828125,1229.9000244140625,172558
2026-03-16 06:00:00+00:00,1227.5999755859375,1232.5999755859375,1227.5999755859375,1230.9000244140625,127780
2026-03-16 06:15:00+00:00,1225.5999755859375,1227.800048828125,1224.800048828125,1227.5999755859375,184874
2026-03-16 06:30:00+00:00,1227.5,1229.5,1225.5999755859375,1225.5999755859375,119799
2026-03-16 06:45:00+00:00,1229.0999755859375,1230.4000244140625,1227.5,1227.5,197610
2026-03-16 07:00:00+00:00,1228.0,1230.300048828125,1225.5999755859375,1229.0,294964
2026-03-16 07:15:00+00:00,1230.0,1230.0999755859375,1226.4000244140625,1228.199951171875,364616
2026-03-16 07:30:00+00:00,1230.5,1232.5,1229.199951171875,1230.0,302609
2026-03-16 07:45:00+00:00,1231.4000244140625,1235.9000244140625,1230.4000244140625,1230.4000244140625,397901
2026-03-16 08:00:00+00:00,1231.199951171875,1232.699951171875,1229.300048828125,1231.300048828125,697941
2026-03-16 08:15:00+00:00,1233.300048828125,1235.0,1231.0,1231.300048828125,386011
2026-03-16 08:30:00+00:00,1234.4000244140625,1236.199951171875,1232.0999755859375,1233.300048828125,300466
2026-03-16 08:45:00+00:00,1244.9000244140625,1246.199951171875,1232.5999755859375,1234.5,1177256
2026-03-16 09:00:00+00:00,1248.800048828125,1250.0,1243.5999755859375,1244.9000244140625,1318473
2026-03-16 09:15:00+00:00,1251.800048828125,1254.0,1248.0,1249.0,1137579
2026-03-16 09:30:00+00:00,1252.0999755859375,1253.199951171875,1248.699951171875,1252.5999755859375,1295796
2026-03-16 09:45:00+00:00,1249.800048828125,1252.5999755859375,1244.4000244140625,1252.4000244140625,966965
2026-03-17 03:45:00+00:00,1224.0999755859375,1244.9000244140625,1218.5,1244.9000244140625,670515
2026-03-17 04:00:00+00:00,1223.5999755859375,1224.5,1215.199951171875,1224.0999755859375,726192
2026-03-17 04:15:00+00:00,1230.0999755859375,1230.800048828125,1220.800048828125,1223.699951171875,814220
2026-03-17 04:30:00+00:00,1230.300048828125,1230.4000244140625,1226.5,1230.0,375832
2026-03-17 04:45:00+00:00,1230.699951171875,1233.4000244140625,1230.300048828125,1230.5999755859375,510609
2026-03-17 05:00:00+00:00,1235.0999755859375,1236.199951171875,1230.0,1230.5999755859375,487111
2026-03-17 05:15:00+00:00,1238.0999755859375,1241.0999755859375,1235.0,1235.0,346978
2026-03-17 05:30:00+00:00,1236.0999755859375,1240.800048828125,1235.5,1238.0,200902
2026-03-17 05:45:00+00:00,1230.699951171875,1236.199951171875,1230.4000244140625,1236.0999755859375,316502
2026-03-17 06:00:00+00:00,1232.4000244140625,1233.9000244140625,1229.199951171875,1231.0,188662
2026-03-17 06:15:00+00:00,1233.699951171875,1234.0,1229.4000244140625,1232.5,207855
2026-03-17 06:30:00+00:00,1234.0,1235.0,1232.4000244140625,1233.699951171875,118786
2026-03-17 06:45:00+00:00,1232.0999755859375,1234.800048828125,1230.300048828125,1234.199951171875,131414
2026-03-17 07:00:00+00:00,1232.800048828125,1233.5999755859375,1230.5,1232.300048828125,127549
2026-03-17 07:15:00+00:00,1233.0,1235.9000244140625,1231.800048828125,1232.699951171875,162212
2026-03-17 07:30:00+00:00,1234.0,1234.4000244140625,1232.0999755859375,1233.0,154319
2026-03-17 07:45:00+00:00,1234.199951171875,1235.0,1232.9000244140625,1234.199951171875,300829
2026-03-17 08:00:00+00:00,1232.4000244140625,1235.9000244140625,1231.699951171875,1233.9000244140625,243724
2026-03-17 08:15:00+00:00,1232.0999755859375,1235.0,1231.800048828125,1232.5999755859375,187655
2026-03-17 08:30:00+00:00,1233.800048828125,1235.5999755859375,1231.699951171875,1232.5,286959
2026-03-17 08:45:00+00:00,1231.699951171875,1234.0999755859375,1231.0999755859375,1234.0,185517
2026-03-17 09:00:00+00:00,1232.800048828125,1234.0,1231.199951171875,1232.0,217628
2026-03-17 09:15:00+00:00,1235.9000244140625,1235.9000244140625,1231.800048828125,1232.9000244140625,431235
2026-03-17 09:30:00+00:00,1237.0999755859375,1237.4000244140625,1230.0,1235.9000244140625,1989641
2026-03-17 09:45:00+00:00,1234.0,1237.0999755859375,1229.0,1237.0999755859375,1381484
2026-03-18 03:45:00+00:00,1257.0999755859375,1260.0,1237.4000244140625,1239.5999755859375,620444
2026-03-18 04:00:00+00:00,1269.9000244140625,1269.9000244140625,1254.4000244140625,1257.300048828125,672181
2026-03-18 04:15:00+00:00,1271.5999755859375,1276.0,1268.5,1269.5999755859375,608189
2026-03-18 04:30:00+00:00,1274.5999755859375,1275.5,1271.300048828125,1271.5999755859375,385190
2026-03-18 04:45:00+00:00,1278.0,1280.5999755859375,1274.300048828125,1274.5,540581
2026-03-18 05:00:00+00:00,1276.800048828125,1278.9000244140625,1275.0,1276.4000244140625,223525
2026-03-18 05:15:00+00:00,1282.699951171875,1283.9000244140625,1276.800048828125,1277.0,481726
2026-03-18 05:30:00+00:00,1281.9000244140625,1282.800048828125,1280.0,1282.5,176795
2026-03-18 05:45:00+00:00,1288.199951171875,1288.699951171875,1281.0,1282.0999755859375,380820
2026-03-18 06:00:00+00:00,1288.4000244140625,1290.4000244140625,1285.9000244140625,1288.300048828125,493892
2026-03-18 06:15:00+00:00,1282.5,1289.9000244140625,1282.0,1288.699951171875,345510
2026-03-18 06:30:00+00:00,1281.0,1282.5999755859375,1278.0999755859375,1282.5999755859375,314630
2026-03-18 06:45:00+00:00,1283.0999755859375,1283.800048828125,1280.0,1281.0,588676
2026-03-18 07:00:00+00:00,1285.4000244140625,1286.199951171875,1283.0,1283.0999755859375,535444
2026-03-18 07:15:00+00:00,1283.0,1289.300048828125,1283.0,1285.4000244140625,748889
2026-03-18 07:30:00+00:00,1282.300048828125,1285.0,1280.5,1284.0,205513
2026-03-18 07:45:00+00:00,1282.5,1284.5999755859375,1280.5,1282.4000244140625,304814
2026-03-18 08:00:00+00:00,1281.4000244140625,1284.5,1280.699951171875,1282.5999755859375,258840
2026-03-18 08:15:00+00:00,1280.199951171875,1283.9000244140625,1279.0999755859375,1281.4000244140625,322228
2026-03-18 08:30:00+00:00,1277.5,1281.0999755859375,1276.699951171875,1280.199951171875,313481
2026-03-18 08:45:00+00:00,1276.300048828125,1278.4000244140625,1276.0,1277.0999755859375,221135
2026-03-18 09:00:00+00:00,1272.699951171875,1276.699951171875,1271.5,1276.699951171875,401246
2026-03-18 09:15:00+00:00,1271.300048828125,1274.199951171875,1270.5,1272.699951171875,377136
2026-03-18 09:30:00+00:00,1267.0999755859375,1271.5,1266.699951171875,1271.4000244140625,1166120
2026-03-18 09:45:00+00:00,1267.0999755859375,1267.300048828125,1263.5,1267.0999755859375,1066098
2026-03-19 03:45:00+00:00,1240.800048828125,1253.5,1240.0,1244.0,275605
2026-03-19 04:00:00+00:00,1242.0,1244.699951171875,1239.9000244140625,1240.9000244140625,448085
2026-03-19 04:15:00+00:00,1239.199951171875,1242.0999755859375,1237.699951171875,1241.800048828125,315311
2026-03-19 04:30:00+00:00,1237.4000244140625,1241.199951171875,1237.300048828125,1239.0999755859375,196564
2026-03-19 04:45:00+00:00,1237.5999755859375,1240.9000244140625,1236.5999755859375,1236.800048828125,206958
2026-03-19 05:00:00+00:00,1236.5999755859375,1238.800048828125,1235.5,1237.800048828125,238788
2026-03-19 05:15:00+00:00,1233.199951171875,1236.699951171875,1233.0,1236.5999755859375,265204
2026-03-19 05:30:00+00:00,1231.0,1233.5999755859375,1230.4000244140625,1233.300048828125,227908
2026-03-19 05:45:00+00:00,1230.199951171875,1233.0,1230.0999755859375,1231.0,219619
2026-03-19 06:00:00+00:00,1231.9000244140625,1232.800048828125,1230.0999755859375,1230.4000244140625,167999
2026-03-19 06:15:00+00:00,1234.0999755859375,1236.4000244140625,1231.0,1231.9000244140625,188750
2026-03-19 06:30:00+00:00,1235.0999755859375,1235.5,1233.0,1234.0,145042
2026-03-19 06:45:00+00:00,1232.199951171875,1235.199951171875,1231.0,1235.0999755859375,172917
2026-03-19 07:00:00+00:00,1231.5,1232.800048828125,1230.699951171875,1232.4000244140625,89590
2026-03-19 07:15:00+00:00,1232.9000244140625,1233.4000244140625,1231.199951171875,1231.800048828125,194764
2026-03-19 07:30:00+00:00,1229.699951171875,1232.9000244140625,1229.199951171875,1232.800048828125,210972
2026-03-19 07:45:00+00:00,1231.199951171875,1231.699951171875,1229.4000244140625,1229.9000244140625,98853
2026-03-19 08:00:00+00:00,1231.800048828125,1233.0,1230.0999755859375,1231.300048828125,190178
2026-03-19 08:15:00+00:00,1229.199951171875,1232.4000244140625,1228.199951171875,1231.9000244140625,208038
2026-03-19 08:30:00+00:00,1226.0,1229.9000244140625,1224.0,1229.0,263608
2026-03-19 08:45:00+00:00,1224.800048828125,1227.4000244140625,1223.800048828125,1226.0999755859375,332936
2026-03-19 09:00:00+00:00,1225.5,1228.699951171875,1224.5,1225.0,525752
2026-03-19 09:15:00+00:00,1221.9000244140625,1226.0,1221.0,1225.800048828125,411308
2026-03-19 09:30:00+00:00,1219.9000244140625,1225.199951171875,1215.199951171875,1222.0999755859375,2061729
2026-03-19 09:45:00+00:00,1226.0,1226.5,1219.0,1219.800048828125,1035298
2026-03-20 03:45:00+00:00,1248.0,1250.9000244140625,1242.199951171875,1242.199951171875,595951
2026-03-20 04:00:00+00:00,1241.300048828125,1248.4000244140625,1238.699951171875,1247.699951171875,534832
2026-03-20 04:15:00+00:00,1246.699951171875,1248.9000244140625,1238.699951171875,1241.300048828125,553064
2026-03-20 04:30:00+00:00,1248.0,1249.9000244140625,1245.5,1247.0999755859375,364852
2026-03-20 04:45:00+00:00,1253.5,1254.0,1246.5,1247.9000244140625,414124
2026-03-20 05:00:00+00:00,1253.0999755859375,1254.0999755859375,1250.0,1253.5,196764
2026-03-20 05:15:00+00:00,1251.300048828125,1253.199951171875,1250.0,1252.9000244140625,131005
2026-03-20 05:30:00+00:00,1247.5,1252.0,1246.4000244140625,1252.0,195935
2026-03-20 05:45:00+00:00,1249.0999755859375,1249.699951171875,1246.800048828125,1247.5,143047
2026-03-20 06:00:00+00:00,1245.5,1249.9000244140625,1244.699951171875,1249.0999755859375,186603
2026-03-20 06:15:00+00:00,1241.4000244140625,1245.5,1240.0999755859375,1245.199951171875,200569
2026-03-20 06:30:00+00:00,1240.0999755859375,1241.699951171875,1238.699951171875,1241.5999755859375,153369
2026-03-20 06:45:00+00:00,1235.5,1240.0,1235.199951171875,1239.5999755859375,208124
2026-03-20 07:00:00+00:00,1236.699951171875,1237.699951171875,1233.300048828125,1235.300048828125,219272
2026-03-20 07:15:00+00:00,1237.0,1238.9000244140625,1236.0,1236.699951171875,195316
2026-03-20 07:30:00+00:00,1238.699951171875,1238.9000244140625,1236.4000244140625,1237.0,228581
2026-03-20 07:45:00+00:00,1237.800048828125,1240.0,1236.800048828125,1238.699951171875,140521
2026-03-20 08:00:00+00:00,1237.800048828125,1239.9000244140625,1237.5,1238.0,254487
2026-03-20 08:15:00+00:00,1237.800048828125,1239.4000244140625,1235.699951171875,1237.9000244140625,182622
2026-03-20 08:30:00+00:00,1237.0999755859375,1239.4000244140625,1236.800048828125,1237.800048828125,218832
2026-03-20 08:45:00+00:00,1235.5,1238.0,1235.300048828125,1237.0,194416
2026-03-20 09:00:00+00:00,1232.0,1236.5999755859375,1232.0,1235.300048828125,230710
2026-03-20 09:15:00+00:00,1231.800048828125,1233.699951171875,1229.300048828125,1232.0,358670
2026-03-20 09:30:00+00:00,1256.199951171875,1260.0999755859375,1231.300048828125,1231.800048828125,11348440
2026-03-20 09:45:00+00:00,1259.0,1263.9000244140625,1252.5,1255.0,9191464
2026-03-23 03:45:00+00:00,1239.300048828125,1241.0,1227.9000244140625,1239.9000244140625,493576
2026-03-23 04:00:00+00:00,1251.9000244140625,1252.5999755859375,1238.4000244140625,1239.0,790863
2026-03-23 04:15:00+00:00,1248.0,1253.9000244140625,1246.9000244140625,1251.699951171875,622488
2026-03-23 04:30:00+00:00,1248.5,1249.800048828125,1246.199951171875,1247.9000244140625,355387
2026-03-23 04:45:00+00:00,1247.0,1250.4000244140625,1245.699951171875,1248.5,283835
2026-03-23 05:00:00+00:00,1255.699951171875,1256.5,1247.0,1247.199951171875,363581
2026-03-23 05:15:00+00:00,1251.4000244140625,1255.5999755859375,1250.0,1255.300048828125,232130
2026-03-23 05:30:00+00:00,1249.699951171875,1254.4000244140625,1248.300048828125,1251.4000244140625,211917
2026-03-23 05:45:00+00:00,1244.9000244140625,1251.199951171875,1243.5999755859375,1249.699951171875,287150
2026-03-23 06:00:00+00:00,1246.5,1251.5,1244.0,1244.9000244140625,313103
2026-03-23 06:15:00+00:00,1249.199951171875,1250.0999755859375,1245.0,1245.9000244140625,236896
2026-03-23 06:30:00+00:00,1252.0999755859375,1255.0,1248.4000244140625,1249.199951171875,245795
2026-03-23 06:45:00+00:00,1247.5999755859375,1252.0999755859375,1244.800048828125,1252.0,315741
2026-03-23 07:00:00+00:00,1248.0,1249.5,1246.800048828125,1247.800048828125,187256
2026-03-23 07:15:00+00:00,1246.4000244140625,1248.199951171875,1244.699951171875,1248.0,185209
2026-03-23 07:30:00+00:00,1246.0,1246.5,1243.199951171875,1246.0999755859375,282563
2026-03-23 07:45:00+00:00,1245.9000244140625,1247.699951171875,1244.0999755859375,1246.0,330954
2026-03-23 08:00:00+00:00,1249.0999755859375,1249.9000244140625,1245.800048828125,1245.9000244140625,326555
2026-03-23 08:15:00+00:00,1252.699951171875,1254.0,1248.9000244140625,1249.0999755859375,447590
2026-03-23 08:30:00+00:00,1256.300048828125,1258.4000244140625,1252.300048828125,1252.9000244140625,751228
2026-03-23 08:45:00+00:00,1258.199951171875,1258.9000244140625,1255.4000244140625,1256.9000244140625,475310
2026-03-23 09:00:00+00:00,1256.4000244140625,1258.4000244140625,1254.0999755859375,1258.199951171875,566869
2026-03-23 09:15:00+00:00,1260.800048828125,1260.9000244140625,1255.5,1257.0,717639
2026-03-23 09:30:00+00:00,1258.800048828125,1260.800048828125,1253.800048828125,1260.800048828125,1547179
2026-03-23 09:45:00+00:00,1256.800048828125,1259.4000244140625,1248.5999755859375,1258.800048828125,1162006
2026-03-24 03:45:00+00:00,1258.699951171875,1270.300048828125,1251.300048828125,1268.9000244140625,299909
2026-03-24 04:00:00+00:00,1257.9000244140625,1263.199951171875,1256.199951171875,1258.699951171875,627630
2026-03-24 04:15:00+00:00,1263.4000244140625,1264.9000244140625,1255.800048828125,1258.199951171875,233313
2026-03-24 04:30:00+00:00,1265.0999755859375,1265.800048828125,1262.0,1263.4000244140625,538865
2026-03-24 04:45:00+00:00,1272.9000244140625,1273.199951171875,1265.0,1265.0,408313
2026-03-24 05:00:00+00:00,1269.5,1272.9000244140625,1266.5999755859375,1272.9000244140625,679984
2026-03-24 05:15:00+00:00,1271.199951171875,1272.5,1269.0,1270.0,351737
2026-03-24 05:30:00+00:00,1275.699951171875,1277.0,1271.0,1271.5,335240
2026-03-24 05:45:00+00:00,1282.300048828125,1282.800048828125,1275.300048828125,1275.5999755859375,495815
2026-03-24 06:00:00+00:00,1283.300048828125,1287.0999755859375,1280.4000244140625,1282.4000244140625,378325
2026-03-24 06:15:00+00:00,1292.4000244140625,1293.5,1283.0,1283.5,428166
2026-03-24 06:30:00+00:00,1290.699951171875,1295.0,1289.699951171875,1292.4000244140625,1043583
2026-03-24 06:45:00+00:00,1291.5999755859375,1296.0,1288.0,1290.699951171875,355978
2026-03-24 07:00:00+00:00,1288.300048828125,1293.9000244140625,1286.800048828125,1291.5,372032
2026-03-24 07:15:00+00:00,1292.0999755859375,1292.4000244140625,1288.0,1288.300048828125,298937
2026-03-24 07:30:00+00:00,1290.0,1292.0999755859375,1286.800048828125,1292.0999755859375,427730
2026-03-24 07:45:00+00:00,1293.699951171875,1294.9000244140625,1288.5999755859375,1289.800048828125,480400
2026-03-24 08:00:00+00:00,1295.9000244140625,1296.699951171875,1292.699951171875,1293.5999755859375,547684
2026-03-24 08:15:00+00:00,1295.0999755859375,1296.9000244140625,1294.4000244140625,1295.9000244140625,831116
2026-03-24 08:30:00+00:00,1290.4000244140625,1295.5,1290.0,1295.300048828125,443462
2026-03-24 08:45:00+00:00,1286.300048828125,1292.300048828125,1286.0999755859375,1290.300048828125,410847
2026-03-24 09:00:00+00:00,1286.699951171875,1288.699951171875,1284.699951171875,1286.300048828125,521179
2026-03-24 09:15:00+00:00,1284.699951171875,1288.5999755859375,1283.699951171875,1286.9000244140625,539956
2026-03-24 09:30:00+00:00,1276.5,1284.9000244140625,1275.800048828125,1284.9000244140625,1272595
2026-03-24 09:45:00+00:00,1280.0999755859375,1282.0,1275.0999755859375,1276.5,920526
2026-03-25 03:45:00+00:00,1268.9000244140625,1271.800048828125,1265.0999755859375,1269.0,308117
2026-03-25 04:00:00+00:00,1271.4000244140625,1271.800048828125,1268.0,1268.5999755859375,272508
2026-03-25 04:15:00+00:00,1280.0999755859375,1280.0999755859375,1270.0999755859375,1271.5999755859375,542514
2026-03-25 04:30:00+00:00,1281.5,1282.5999755859375,1277.699951171875,1280.0999755859375,883348
2026-03-25 04:45:00+00:00,1281.699951171875,1284.0,1279.0,1281.4000244140625,287837
2026-03-25 05:00:00+00:00,1284.0999755859375,1285.0,1280.199951171875,1282.0,271299
2026-03-25 05:15:00+00:00,1283.800048828125,1285.5999755859375,1282.4000244140625,1284.0999755859375,200277
2026-03-25 05:30:00+00:00,1289.0,1290.5,1283.9000244140625,1283.9000244140625,294270
2026-03-25 05:45:00+00:00,1285.699951171875,1289.9000244140625,1284.5999755859375,1289.5,243873
2026-03-25 06:00:00+00:00,1285.5,1287.0999755859375,1283.0,1285.699951171875,478846
2026-03-25 06:15:00+00:00,1286.300048828125,1288.800048828125,1284.300048828125,1285.4000244140625,300585
2026-03-25 06:30:00+00:00,1287.5,1287.800048828125,1284.699951171875,1286.699951171875,196485
2026-03-25 06:45:00+00:00,1287.4000244140625,1288.9000244140625,1285.4000244140625,1287.5999755859375,209463
2026-03-25 07:00:00+00:00,1287.9000244140625,1289.4000244140625,1287.0,1287.5999755859375,181298
2026-03-25 07:15:00+00:00,1285.0,1288.199951171875,1285.0,1287.9000244140625,201568
2026-03-25 07:30:00+00:00,1285.0999755859375,1287.699951171875,1284.9000244140625,1285.0,180350
2026-03-25 07:45:00+00:00,1286.199951171875,1287.5,1284.5999755859375,1285.4000244140625,399639
2026-03-25 08:00:00+00:00,1286.300048828125,1288.800048828125,1285.199951171875,1286.5999755859375,146594
2026-03-25 08:15:00+00:00,1286.199951171875,1289.800048828125,1285.300048828125,1286.5999755859375,211233
2026-03-25 08:30:00+00:00,1284.5,1287.300048828125,1282.699951171875,1286.4000244140625,484517
2026-03-25 08:45:00+00:00,1278.699951171875,1285.300048828125,1277.4000244140625,1284.199951171875,470854
2026-03-25 09:00:00+00:00,1280.800048828125,1281.5999755859375,1276.5999755859375,1278.699951171875,414035
2026-03-25 09:15:00+00:00,1279.300048828125,1281.699951171875,1277.4000244140625,1281.300048828125,564316
2026-03-25 09:30:00+00:00,1280.0,1280.699951171875,1277.4000244140625,1279.0,1004701
2026-03-25 09:45:00+00:00,1279.5,1280.699951171875,1276.300048828125,1279.9000244140625,1259745
2026-03-27 03:45:00+00:00,1287.0,1294.699951171875,1280.0,1285.199951171875,506787
2026-03-27 04:00:00+00:00,1285.5,1288.0,1283.5999755859375,1287.5,457721
2026-03-27 04:15:00+00:00,1277.800048828125,1286.9000244140625,1276.9000244140625,1285.5,481735
2026-03-27 04:30:00+00:00,1281.0,1281.699951171875,1277.0999755859375,1277.800048828125,348295
2026-03-27 04:45:00+00:00,1284.0,1285.5999755859375,1281.0,1281.0,294644
2026-03-27 05:00:00+00:00,1278.9000244140625,1286.5999755859375,1278.9000244140625,1284.5999755859375,246209
2026-03-27 05:15:00+00:00,1277.0999755859375,1278.9000244140625,1273.5999755859375,1278.9000244140625,387948
2026-03-27 05:30:00+00:00,1278.4000244140625,1278.5,1274.0,1277.4000244140625,284795
2026-03-27 05:45:00+00:00,1272.199951171875,1278.9000244140625,1272.0,1278.699951171875,279112
2026-03-27 06:00:00+00:00,1271.699951171875,1274.4000244140625,1270.5999755859375,1272.4000244140625,162204
2026-03-27 06:15:00+00:00,1276.300048828125,1277.0,1271.199951171875,1271.699951171875,165405
2026-03-27 06:30:00+00:00,1277.9000244140625,1277.9000244140625,1274.300048828125,1276.4000244140625,188513
2026-03-27 06:45:00+00:00,1276.0999755859375,1279.4000244140625,1275.300048828125,1278.0,303871
2026-03-27 07:00:00+00:00,1281.0,1281.0999755859375,1275.9000244140625,1276.5,297059
2026-03-27 07:15:00+00:00,1278.300048828125,1281.199951171875,1277.800048828125,1281.0,285929
2026-03-27 07:30:00+00:00,1280.0999755859375,1280.0999755859375,1276.199951171875,1278.4000244140625,272245
2026-03-27 07:45:00+00:00,1273.800048828125,1282.0,1273.800048828125,1280.0,291744
2026-03-27 08:00:00+00:00,1275.5999755859375,1276.5999755859375,1272.0999755859375,1274.0,163369
2026-03-27 08:15:00+00:00,1275.4000244140625,1276.300048828125,1274.0,1275.300048828125,229883
2026-03-27 08:30:00+00:00,1269.5999755859375,1276.0999755859375,1269.5,1275.300048828125,339378
2026-03-27 08:45:00+00:00,1274.0999755859375,1275.800048828125,1268.699951171875,1269.4000244140625,478186
2026-03-27 09:00:00+00:00,1270.5999755859375,1274.0,1269.300048828125,1274.0,458657
2026-03-27 09:15:00+00:00,1272.4000244140625,1274.300048828125,1270.199951171875,1270.699951171875,734699
2026-03-27 09:30:00+00:00,1269.9000244140625,1274.5999755859375,1269.699951171875,1272.0999755859375,2407335
2026-03-27 09:45:00+00:00,1266.4000244140625,1270.199951171875,1263.699951171875,1270.199951171875,2126172
2026-03-30 03:45:00+00:00,1261.300048828125,1261.9000244140625,1248.5,1250.800048828125,332451
2026-03-30 04:00:00+00:00,1261.4000244140625,1265.4000244140625,1260.0,1261.0999755859375,264281
2026-03-30 04:15:00+00:00,1258.9000244140625,1262.0,1257.699951171875,1261.300048828125,206551
2026-03-30 04:30:00+00:00,1260.0999755859375,1261.300048828125,1257.699951171875,1258.699951171875,307897
2026-03-30 04:45:00+00:00,1257.699951171875,1260.5,1255.9000244140625,1260.300048828125,216723
2026-03-30 05:00:00+00:00,1255.9000244140625,1260.0,1254.800048828125,1257.800048828125,255044
2026-03-30 05:15:00+00:00,1258.0999755859375,1258.9000244140625,1255.199951171875,1255.699951171875,227513
2026-03-30 05:30:00+00:00,1257.5,1258.4000244140625,1253.699951171875,1258.0999755859375,317376
2026-03-30 05:45:00+00:00,1258.0,1259.699951171875,1255.800048828125,1257.5,190342
2026-03-30 06:00:00+00:00,1257.699951171875,1261.4000244140625,1256.0999755859375,1257.9000244140625,263129
2026-03-30 06:15:00+00:00,1256.5,1258.0999755859375,1254.800048828125,1257.9000244140625,211472
2026-03-30 06:30:00+00:00,1262.4000244140625,1262.5999755859375,1256.0999755859375,1256.5,260133
2026-03-30 06:45:00+00:00,1261.5999755859375,1264.4000244140625,1260.5,1262.199951171875,161879
2026-03-30 07:00:00+00:00,1261.0999755859375,1262.5999755859375,1260.699951171875,1261.699951171875,149102
2026-03-30 07:15:00+00:00,1258.0,1261.0999755859375,1257.9000244140625,1261.0999755859375,132290
2026-03-30 07:30:00+00:00,1257.9000244140625,1258.800048828125,1256.4000244140625,1258.0,133854
2026-03-30 07:45:00+00:00,1258.699951171875,1259.4000244140625,1255.9000244140625,1257.9000244140625,361003
2026-03-30 08:00:00+00:00,1255.199951171875,1259.5999755859375,1254.199951171875,1258.800048828125,414261
2026-03-30 08:15:00+00:00,1249.199951171875,1256.9000244140625,1247.5999755859375,1255.0999755859375,452137
2026-03-30 08:30:00+00:00,1245.5,1252.800048828125,1245.0,1249.300048828125,418375
2026-03-30 08:45:00+00:00,1244.5999755859375,1246.9000244140625,1243.0,1245.5999755859375,474439
2026-03-30 09:00:00+00:00,1250.699951171875,1251.5,1244.0999755859375,1244.5999755859375,788628
2026-03-30 09:15:00+00:00,1252.9000244140625,1253.0999755859375,1248.199951171875,1250.5,914717
2026-03-30 09:30:00+00:00,1252.9000244140625,1254.0999755859375,1246.300048828125,1252.0999755859375,3370945
2026-03-30 09:45:00+00:00,1250.300048828125,1253.0,1245.699951171875,1252.5,2778490
2026-04-01 03:45:00+00:00,1282.9000244140625,1297.699951171875,1282.5999755859375,1288.800048828125,369206
2026-04-01 04:00:00+00:00,1286.199951171875,1287.4000244140625,1279.300048828125,1282.9000244140625,303883
2026-04-01 04:15:00+00:00,1295.0999755859375,1296.0,1285.0,1286.0,451450
2026-04-01 04:30:00+00:00,1298.5,1303.0,1294.199951171875,1295.5,505637
2026-04-01 04:45:00+00:00,1298.4000244140625,1301.199951171875,1296.0999755859375,1298.199951171875,291785
2026-04-01 05:00:00+00:00,1298.300048828125,1299.5999755859375,1296.300048828125,1298.0999755859375,215516
2026-04-01 05:15:00+00:00,1293.4000244140625,1298.5999755859375,1292.5,1298.5,187421
2026-04-01 05:30:00+00:00,1296.0,1298.0,1291.4000244140625,1293.0999755859375,220817
2026-04-01 05:45:00+00:00,1293.199951171875,1296.0,1292.300048828125,1296.0,153099
2026-04-01 06:00:00+00:00,1291.699951171875,1294.5,1290.199951171875,1293.300048828125,161294
2026-04-01 06:15:00+00:00,1293.699951171875,1294.5999755859375,1289.5999755859375,1291.5999755859375,212585
2026-04-01 06:30:00+00:00,1297.4000244140625,1299.300048828125,1293.300048828125,1294.199951171875,271152
2026-04-01 06:45:00+00:00,1288.800048828125,1297.699951171875,1287.800048828125,1297.5,173035
2026-04-01 07:00:00+00:00,1289.4000244140625,1291.5,1287.5,1288.4000244140625,129511
2026-04-01 07:15:00+00:00,1286.699951171875,1291.300048828125,1286.5999755859375,1289.300048828125,96701
2026-04-01 07:30:00+00:00,1285.5,1286.699951171875,1282.800048828125,1286.199951171875,125752
2026-04-01 07:45:00+00:00,1280.300048828125,1286.300048828125,1280.0,1285.199951171875,122886
2026-04-01 08:00:00+00:00,1272.5,1280.300048828125,1271.0999755859375,1280.300048828125,246564
2026-04-01 08:15:00+00:00,1276.199951171875,1278.5999755859375,1271.9000244140625,1272.300048828125,164466
2026-04-01 08:30:00+00:00,1277.0,1277.800048828125,1275.5999755859375,1276.300048828125,84625
2026-04-01 08:45:00+00:00,1275.0,1276.9000244140625,1274.0,1276.9000244140625,113748
2026-04-01 09:00:00+00:00,1273.699951171875,1277.0,1272.0999755859375,1274.9000244140625,154314
2026-04-01 09:15:00+00:00,1269.9000244140625,1275.699951171875,1269.5,1273.4000244140625,715323
2026-04-01 09:30:00+00:00,1276.800048828125,1277.5999755859375,1269.5,1270.699951171875,891326
2026-04-01 09:45:00+00:00,1278.0,1279.0999755859375,1276.300048828125,1276.800048828125,599961
2026-04-02 03:45:00+00:00,1271.5999755859375,1276.5,1260.300048828125,1260.300048828125,286630
2026-04-02 04:00:00+00:00,1268.0,1274.9000244140625,1265.199951171875,1271.800048828125,316280
2026-04-02 04:15:00+00:00,1262.0999755859375,1269.199951171875,1261.4000244140625,1268.0,230909
2026-04-02 04:30:00+00:00,1263.199951171875,1265.800048828125,1260.5999755859375,1262.5999755859375,173475
2026-04-02 04:45:00+00:00,1269.199951171875,1270.0999755859375,1262.0999755859375,1263.4000244140625,250193
2026-04-02 05:00:00+00:00,1269.0999755859375,1271.300048828125,1268.699951171875,1269.199951171875,117406
2026-04-02 05:15:00+00:00,1271.699951171875,1272.199951171875,1268.5999755859375,1269.0999755859375,188219
2026-04-02 05:30:00+00:00,1267.9000244140625,1271.9000244140625,1266.199951171875,1271.699951171875,263533
2026-04-02 05:45:00+00:00,1269.300048828125,1269.4000244140625,1265.0,1267.800048828125,215561
2026-04-02 06:00:00+00:00,1270.0999755859375,1272.5,1268.0999755859375,1269.5999755859375,563624
2026-04-02 06:15:00+00:00,1266.4000244140625,1271.0,1264.199951171875,1270.199951171875,288530
2026-04-02 06:30:00+00:00,1266.4000244140625,1266.9000244140625,1263.4000244140625,1266.199951171875,198272
2026-04-02 06:45:00+00:00,1267.5,1267.800048828125,1263.199951171875,1266.4000244140625,158270
2026-04-02 07:00:00+00:00,1268.800048828125,1270.0,1266.4000244140625,1268.0,169418
2026-04-02 07:15:00+00:00,1267.800048828125,1271.199951171875,1266.5,1268.800048828125,472103
2026-04-02 07:30:00+00:00,1273.5999755859375,1273.699951171875,1266.0999755859375,1267.4000244140625,505694
2026-04-02 07:45:00+00:00,1281.800048828125,1282.0999755859375,1272.699951171875,1273.0999755859375,519582
2026-04-02 08:00:00+00:00,1285.5,1286.4000244140625,1278.5,1281.699951171875,380168
2026-04-02 08:15:00+00:00,1284.0,1289.0,1281.199951171875,1285.199951171875,504471
2026-04-02 08:30:00+00:00,1294.5,1294.5,1281.0,1284.0,679597
2026-04-02 08:45:00+00:00,1294.5,1296.9000244140625,1290.199951171875,1293.9000244140625,360245
2026-04-02 09:00:00+00:00,1292.0999755859375,1297.9000244140625,1291.0999755859375,1294.5,579524
2026-04-02 09:15:00+00:00,1298.0,1300.9000244140625,1290.699951171875,1292.5999755859375,807603
2026-04-02 09:30:00+00:00,1304.199951171875,1304.9000244140625,1298.300048828125,1298.300048828125,2140173
2026-04-02 09:45:00+00:00,1298.0,1305.4000244140625,1294.0,1304.199951171875,2185201
2026-04-06 03:45:00+00:00,1315.0,1320.0,1299.0,1302.9000244140625,896681
2026-04-06 04:00:00+00:00,1307.4000244140625,1316.4000244140625,1302.699951171875,1315.300048828125,751715
2026-04-06 04:15:00+00:00,1309.800048828125,1309.9000244140625,1304.0999755859375,1307.699951171875,439893
2026-04-06 04:30:00+00:00,1313.0,1314.5,1308.5999755859375,1309.800048828125,262776
2026-04-06 04:45:00+00:00,1311.699951171875,1313.199951171875,1307.9000244140625,1313.0,244260
2026-04-06 05:00:00+00:00,1312.800048828125,1312.800048828125,1308.9000244140625,1311.4000244140625,162879
2026-04-06 05:15:00+00:00,1312.0999755859375,1313.300048828125,1309.4000244140625,1312.4000244140625,174843
2026-04-06 05:30:00+00:00,1308.0999755859375,1312.0,1307.5999755859375,1312.0,252082
2026-04-06 05:45:00+00:00,1309.300048828125,1311.199951171875,1307.0999755859375,1308.0999755859375,293250
2026-04-06 06:00:00+00:00,1309.4000244140625,1310.5,1305.199951171875,1309.300048828125,394477
2026-04-06 06:15:00+00:00,1308.9000244140625,1310.9000244140625,1307.800048828125,1309.5,273787
2026-04-06 06:30:00+00:00,1310.0,1310.800048828125,1308.5,1309.199951171875,233814
2026-04-06 06:45:00+00:00,1311.300048828125,1315.0,1309.699951171875,1310.0,249457
2026-04-06 07:00:00+00:00,1305.800048828125,1311.800048828125,1303.4000244140625,1311.800048828125,494024
2026-04-06 07:15:00+00:00,1311.699951171875,1312.199951171875,1305.800048828125,1306.0999755859375,298815
2026-04-06 07:30:00+00:00,1313.5,1313.5,1310.0,1311.9000244140625,283693
2026-04-06 07:45:00+00:00,1310.0,1314.800048828125,1309.9000244140625,1313.199951171875,324249
2026-04-06 08:00:00+00:00,1311.800048828125,1313.0999755859375,1310.0,1310.199951171875,245339
2026-04-06 08:15:00+00:00,1307.0999755859375,1311.800048828125,1306.9000244140625,1311.800048828125,538067
2026-04-06 08:30:00+00:00,1307.5999755859375,1309.5,1306.5999755859375,1307.0,220815
2026-04-06 08:45:00+00:00,1306.0,1309.4000244140625,1305.4000244140625,1308.0,390003
2026-04-06 09:00:00+00:00,1304.199951171875,1306.9000244140625,1304.199951171875,1306.0999755859375,329036
2026-04-06 09:15:00+00:00,1304.9000244140625,1306.0,1300.4000244140625,1304.300048828125,746144
2026-04-06 09:30:00+00:00,1306.800048828125,1307.4000244140625,1304.699951171875,1304.800048828125,610269
2026-04-06 09:45:00+00:00,1306.199951171875,1307.800048828125,1305.0,1306.9000244140625,507164
2026-04-07 03:45:00+00:00,1310.0,1310.699951171875,1294.5999755859375,1301.199951171875,325300
2026-04-07 04:00:00+00:00,1301.4000244140625,1315.5999755859375,1300.300048828125,1310.5,473600
2026-04-07 04:15:00+00:00,1319.5999755859375,1319.5999755859375,1301.699951171875,1301.9000244140625,556402
2026-04-07 04:30:00+00:00,1320.5,1322.4000244140625,1318.0999755859375,1319.5,482080
2026-04-07 04:45:00+00:00,1321.5,1324.5999755859375,1319.800048828125,1321.0,339964
2026-04-07 05:00:00+00:00,1323.800048828125,1324.5999755859375,1319.199951171875,1321.800048828125,220772
2026-04-07 05:15:00+00:00,1321.0,1327.0,1320.5,1324.4000244140625,330318
2026-04-07 05:30:00+00:00,1324.4000244140625,1326.0,1319.800048828125,1321.300048828125,581846
2026-04-07 05:45:00+00:00,1334.5999755859375,1336.0,1323.0999755859375,1324.4000244140625,883787
2026-04-07 06:00:00+00:00,1334.4000244140625,1338.300048828125,1332.0999755859375,1334.9000244140625,544590
2026-04-07 06:15:00+00:00,1335.300048828125,1338.0,1331.5,1334.4000244140625,303052
2026-04-07 06:30:00+00:00,1331.699951171875,1335.5999755859375,1329.199951171875,1335.199951171875,258890
2026-04-07 06:45:00+00:00,1325.5999755859375,1331.699951171875,1325.5,1330.4000244140625,352170
2026-04-07 07:00:00+00:00,1325.5999755859375,1328.0,1325.5999755859375,1325.5999755859375,213386
2026-04-07 07:15:00+00:00,1326.9000244140625,1327.5,1325.0999755859375,1325.9000244140625,221179
2026-04-07 07:30:00+00:00,1331.5,1333.0,1326.699951171875,1326.699951171875,622368
2026-04-07 07:45:00+00:00,1331.5999755859375,1332.9000244140625,1331.0999755859375,1331.9000244140625,190859
2026-04-07 08:00:00+00:00,1333.699951171875,1335.0,1331.699951171875,1331.699951171875,304328
2026-04-07 08:15:00+00:00,1330.0,1334.9000244140625,1330.0,1333.5999755859375,463777
2026-04-07 08:30:00+00:00,1330.800048828125,1332.4000244140625,1329.9000244140625,1330.0999755859375,761895
2026-04-07 08:45:00+00:00,1330.0999755859375,1331.5,1328.0,1330.5999755859375,523896
2026-04-07 09:00:00+00:00,1330.5999755859375,1332.0,1329.0,1330.0,549442
2026-04-07 09:15:00+00:00,1335.0,1336.300048828125,1330.0999755859375,1330.699951171875,1022216
2026-04-07 09:30:00+00:00,1341.0,1341.699951171875,1333.800048828125,1335.0,2439181
2026-04-07 09:45:00+00:00,1339.4000244140625,1343.4000244140625,1337.5,1341.699951171875,2065598
2026-04-08 03:45:00+00:00,1342.9000244140625,1376.5,1341.199951171875,1355.5999755859375,721291
2026-04-08 04:00:00+00:00,1341.0,1345.0,1335.0,1342.800048828125,749339
2026-04-08 04:15:00+00:00,1343.0,1345.0,1339.0999755859375,1340.800048828125,698951
2026-04-08 04:30:00+00:00,1336.0,1344.4000244140625,1335.0,1342.9000244140625,407846
2026-04-08 04:45:00+00:00,1331.699951171875,1336.199951171875,1331.300048828125,1335.800048828125,484717
2026-04-08 05:00:00+00:00,1341.300048828125,1341.5,1331.0999755859375,1331.699951171875,775646
2026-04-08 05:15:00+00:00,1338.800048828125,1342.800048828125,1336.0999755859375,1341.0999755859375,460320
2026-04-08 05:30:00+00:00,1337.5999755859375,1340.699951171875,1336.699951171875,1338.800048828125,402631
2026-04-08 05:45:00+00:00,1337.0999755859375,1340.0,1336.0,1337.699951171875,513053
2026-04-08 06:00:00+00:00,1339.5,1339.5,1334.4000244140625,1336.5999755859375,586925
2026-04-08 06:15:00+00:00,1336.800048828125,1342.5,1335.9000244140625,1339.4000244140625,472329
2026-04-08 06:30:00+00:00,1341.699951171875,1343.300048828125,1336.0,1336.699951171875,614009
2026-04-08 06:45:00+00:00,1342.800048828125,1344.0,1341.0,1341.699951171875,332646
2026-04-08 07:00:00+00:00,1342.9000244140625,1343.5,1340.4000244140625,1343.0,373410
2026-04-08 07:15:00+00:00,1342.0999755859375,1343.0,1340.5,1342.9000244140625,252600
2026-04-08 07:30:00+00:00,1346.199951171875,1347.300048828125,1341.800048828125,1342.199951171875,447941
2026-04-08 07:45:00+00:00,1345.0,1347.5,1344.5,1346.4000244140625,447399
2026-04-08 08:00:00+00:00,1343.199951171875,1349.699951171875,1342.699951171875,1345.0999755859375,305937
2026-04-08 08:15:00+00:00,1344.9000244140625,1346.0,1343.0,1343.199951171875,395864
2026-04-08 08:30:00+00:00,1343.0,1345.199951171875,1341.9000244140625,1344.9000244140625,610885
2026-04-08 08:45:00+00:00,1345.300048828125,1347.699951171875,1341.4000244140625,1342.5999755859375,853960
2026-04-08 09:00:00+00:00,1344.0999755859375,1346.5999755859375,1342.199951171875,1345.0,669035
2026-04-08 09:15:00+00:00,1346.699951171875,1347.5,1343.199951171875,1344.199951171875,789419
2026-04-08 09:30:00+00:00,1348.0,1349.0,1342.0999755859375,1346.699951171875,1018270
2026-04-08 09:45:00+00:00,1346.0,1348.0,1344.0,1348.0,1307359
2026-04-09 03:45:00+00:00,1327.5,1329.9000244140625,1316.0999755859375,1329.9000244140625,867661
2026-04-09 04:00:00+00:00,1315.199951171875,1328.0,1315.199951171875,1327.5,984781
2026-04-09 04:15:00+00:00,1315.199951171875,1320.0,1314.0999755859375,1315.0,981888
2026-04-09 04:30:00+00:00,1318.300048828125,1319.0,1314.5,1315.0,520427
2026-04-09 04:45:00+00:00,1318.5999755859375,1320.0,1316.0999755859375,1318.300048828125,489281
2026-04-09 05:00:00+00:00,1320.0,1321.0,1318.4000244140625,1318.5999755859375,279279
2026-04-09 05:15:00+00:00,1322.0999755859375,1322.699951171875,1319.300048828125,1320.0,321443
2026-04-09 05:30:00+00:00,1324.0,1325.0,1321.0999755859375,1322.0999755859375,284791
2026-04-09 05:45:00+00:00,1320.5999755859375,1324.5999755859375,1315.5999755859375,1324.199951171875,463032
2026-04-09 06:00:00+00:00,1324.0,1324.699951171875,1320.5,1321.0,367744
2026-04-09 06:15:00+00:00,1327.0999755859375,1329.800048828125,1323.5,1323.699951171875,623282
2026-04-09 06:30:00+00:00,1324.9000244140625,1327.9000244140625,1324.800048828125,1327.0,296096
2026-04-09 06:45:00+00:00,1326.0,1327.5,1324.5,1325.0,268676
2026-04-09 07:00:00+00:00,1327.0999755859375,1327.300048828125,1324.699951171875,1326.0,188513
2026-04-09 07:15:00+00:00,1330.5,1331.9000244140625,1324.5,1327.0,389037
2026-04-09 07:30:00+00:00,1330.5999755859375,1331.699951171875,1329.199951171875,1330.699951171875,285903
2026-04-09 07:45:00+00:00,1326.9000244140625,1330.800048828125,1325.5,1330.5999755859375,385948
2026-04-09 08:00:00+00:00,1328.699951171875,1329.800048828125,1326.4000244140625,1327.0,276875
2026-04-09 08:15:00+00:00,1329.0,1329.800048828125,1327.699951171875,1328.699951171875,177111
2026-04-09 08:30:00+00:00,1327.9000244140625,1329.5,1326.4000244140625,1329.0,247402
2026-04-09 08:45:00+00:00,1327.5,1330.0,1326.5,1328.199951171875,330559
2026-04-09 09:00:00+00:00,1330.800048828125,1331.5999755859375,1325.0,1327.5999755859375,573280
2026-04-09 09:15:00+00:00,1330.800048828125,1332.5,1329.800048828125,1331.300048828125,634220
2026-04-09 09:30:00+00:00,1334.5999755859375,1337.300048828125,1328.0999755859375,1331.199951171875,2131838
2026-04-09 09:45:00+00:00,1330.5,1334.5,1327.5,1334.300048828125,1256812
2026-04-10 03:45:00+00:00,1300.199951171875,1317.0,1298.0,1317.0,1257816
2026-04-10 04:00:00+00:00,1288.699951171875,1300.5,1287.0,1300.5,1757931
2026-04-10 04:15:00+00:00,1294.199951171875,1295.0,1285.0999755859375,1288.5,1127778
2026-04-10 04:30:00+00:00,1289.300048828125,1294.0999755859375,1287.699951171875,1293.9000244140625,706741
2026-04-10 04:45:00+00:00,1290.199951171875,1291.0,1288.300048828125,1289.300048828125,450840
2026-04-10 05:00:00+00:00,1289.0,1291.5999755859375,1288.5999755859375,1290.0,409751
2026-04-10 05:15:00+00:00,1287.4000244140625,1289.4000244140625,1287.0999755859375,1289.199951171875,440044
2026-04-10 05:30:00+00:00,1287.4000244140625,1288.4000244140625,1286.300048828125,1287.5,472515
2026-04-10 05:45:00+00:00,1285.4000244140625,1287.800048828125,1284.4000244140625,1287.4000244140625,694406
2026-04-10 06:00:00+00:00,1284.5,1286.9000244140625,1283.4000244140625,1285.300048828125,504752
2026-04-10 06:15:00+00:00,1284.699951171875,1286.199951171875,1284.4000244140625,1284.5,512161
2026-04-10 06:30:00+00:00,1287.199951171875,1287.5,1284.0999755859375,1284.800048828125,298310
2026-04-10 06:45:00+00:00,1285.0,1287.300048828125,1283.5999755859375,1287.199951171875,831835
2026-04-10 07:00:00+00:00,1289.5,1291.0,1284.0,1284.800048828125,757778
2026-04-10 07:15:00+00:00,1292.300048828125,1294.699951171875,1289.5,1289.5,783411
2026-04-10 07:30:00+00:00,1292.300048828125,1293.9000244140625,1290.9000244140625,1292.300048828125,408774
2026-04-10 07:45:00+00:00,1295.699951171875,1296.800048828125,1292.0999755859375,1292.300048828125,467117
2026-04-10 08:00:00+00:00,1294.5999755859375,1298.199951171875,1293.4000244140625,1295.5999755859375,432467
2026-04-10 08:15:00+00:00,1293.800048828125,1296.0,1292.0999755859375,1294.800048828125,329148
2026-04-10 08:30:00+00:00,1291.4000244140625,1294.300048828125,1289.0,1293.9000244140625,578577
2026-04-10 08:45:00+00:00,1288.9000244140625,1291.800048828125,1288.5999755859375,1291.4000244140625,415007
2026-04-10 09:00:00+00:00,1294.4000244140625,1295.0,1287.4000244140625,1288.800048828125,973455
2026-04-10 09:15:00+00:00,1293.4000244140625,1295.0999755859375,1292.5,1294.0,873368
2026-04-10 09:30:00+00:00,1292.5,1294.5,1292.0,1293.0,1073277
2026-04-10 09:45:00+00:00,1291.4000244140625,1293.5,1290.5999755859375,1292.4000244140625,1296063
2026-04-13 03:45:00+00:00,1270.4000244140625,1288.4000244140625,1270.0999755859375,1276.800048828125,597572
2026-04-13 04:00:00+00:00,1268.699951171875,1271.699951171875,1265.9000244140625,1270.199951171875,538025
2026-04-13 04:15:00+00:00,1272.800048828125,1273.4000244140625,1268.0999755859375,1268.699951171875,362904
2026-04-13 04:30:00+00:00,1272.800048828125,1275.9000244140625,1271.199951171875,1272.699951171875,358138
2026-04-13 04:45:00+00:00,1272.9000244140625,1276.0,1271.4000244140625,1272.800048828125,309366
2026-04-13 05:00:00+00:00,1274.699951171875,1275.699951171875,1270.800048828125,1272.9000244140625,421514
2026-04-13 05:15:00+00:00,1275.5999755859375,1277.5,1273.9000244140625,1274.800048828125,259796
2026-04-13 05:30:00+00:00,1275.4000244140625,1277.0,1275.0,1276.0,143405
2026-04-13 05:45:00+00:00,1276.0999755859375,1277.4000244140625,1273.0999755859375,1275.5,212186
2026-04-13 06:00:00+00:00,1272.5,1275.9000244140625,1272.0,1275.9000244140625,254966
2026-04-13 06:15:00+00:00,1273.199951171875,1275.5,1271.5,1272.800048828125,276540
2026-04-13 06:30:00+00:00,1273.800048828125,1274.300048828125,1272.0,1273.199951171875,161349
2026-04-13 06:45:00+00:00,1274.0,1274.800048828125,1272.5,1273.800048828125,152489
2026-04-13 07:00:00+00:00,1273.699951171875,1274.5999755859375,1273.0,1274.0999755859375,159309
2026-04-13 07:15:00+00:00,1273.0,1277.800048828125,1271.5,1273.699951171875,524147
2026-04-13 07:30:00+00:00,1272.0999755859375,1273.9000244140625,1271.699951171875,1272.800048828125,217123
2026-04-13 07:45:00+00:00,1272.0,1273.0999755859375,1271.0999755859375,1272.0,229265
2026-04-13 08:00:00+00:00,1271.4000244140625,1273.0999755859375,1271.0999755859375,1272.5,278431
2026-04-13 08:15:00+00:00,1275.300048828125,1275.5,1271.199951171875,1271.4000244140625,259860
2026-04-13 08:30:00+00:00,1271.5999755859375,1275.699951171875,1271.199951171875,1275.300048828125,201816
2026-04-13 08:45:00+00:00,1272.199951171875,1273.4000244140625,1271.0,1271.4000244140625,267170
2026-04-13 09:00:00+00:00,1274.0999755859375,1275.5,1272.199951171875,1272.199951171875,308841
2026-04-13 09:15:00+00:00,1277.4000244140625,1278.699951171875,1272.9000244140625,1273.9000244140625,474887
2026-04-13 09:30:00+00:00,1277.300048828125,1280.4000244140625,1273.699951171875,1277.5,1878380
2026-04-13 09:45:00+00:00,1276.800048828125,1277.800048828125,1275.4000244140625,1277.300048828125,787905
2026-04-15 03:45:00+00:00,1316.800048828125,1322.5,1302.0999755859375,1302.5999755859375,1320966
2026-04-15 04:00:00+00:00,1308.9000244140625,1317.800048828125,1304.5,1317.800048828125,700925
2026-04-15 04:15:00+00:00,1309.800048828125,1313.300048828125,1308.9000244140625,1308.9000244140625,593093
2026-04-15 04:30:00+00:00,1311.4000244140625,1313.0,1309.0999755859375,1309.800048828125,412565
2026-04-15 04:45:00+00:00,1308.9000244140625,1313.0,1308.4000244140625,1311.4000244140625,355366
2026-04-15 05:00:00+00:00,1306.0,1310.199951171875,1305.300048828125,1309.0,370224
2026-04-15 05:15:00+00:00,1303.9000244140625,1306.9000244140625,1302.5,1306.0,331910
2026-04-15 05:30:00+00:00,1304.0,1305.0,1302.800048828125,1303.9000244140625,203998
2026-04-15 05:45:00+00:00,1304.300048828125,1305.0,1303.4000244140625,1304.199951171875,162575
2026-04-15 06:00:00+00:00,1304.5999755859375,1304.699951171875,1302.0,1304.300048828125,166553
2026-04-15 06:15:00+00:00,1304.0999755859375,1304.699951171875,1303.0999755859375,1304.5999755859375,245553
2026-04-15 06:30:00+00:00,1303.300048828125,1304.0999755859375,1302.5,1304.0999755859375,159689
2026-04-15 06:45:00+00:00,1303.199951171875,1304.800048828125,1302.199951171875,1303.0999755859375,171393
2026-04-15 07:00:00+00:00,1305.5,1306.5999755859375,1303.0,1303.199951171875,186775
2026-04-15 07:15:00+00:00,1302.300048828125,1305.699951171875,1302.300048828125,1305.699951171875,222182
2026-04-15 07:30:00+00:00,1302.5,1304.0,1302.0,1302.4000244140625,172289
2026-04-15 07:45:00+00:00,1302.5999755859375,1305.699951171875,1301.199951171875,1302.5999755859375,690682
2026-04-15 08:00:00+00:00,1303.699951171875,1304.0,1301.9000244140625,1302.5999755859375,206019
2026-04-15 08:15:00+00:00,1302.5999755859375,1304.0,1301.199951171875,1303.699951171875,322183
2026-04-15 08:30:00+00:00,1303.9000244140625,1305.199951171875,1302.5,1302.699951171875,380079
2026-04-15 08:45:00+00:00,1306.0,1307.0,1302.9000244140625,1304.0,522553
2026-04-15 09:00:00+00:00,1306.5,1306.5999755859375,1305.199951171875,1305.9000244140625,255727
2026-04-15 09:15:00+00:00,1306.300048828125,1307.4000244140625,1303.800048828125,1306.4000244140625,578592
2026-04-15 09:30:00+00:00,1305.300048828125,1306.9000244140625,1303.5,1306.5,1161006
2026-04-15 09:45:00+00:00,1305.0,1306.0,1304.199951171875,1305.300048828125,1119354
2026-04-16 03:45:00+00:00,1327.0,1331.0,1315.0,1321.0,1386590
2026-04-16 04:00:00+00:00,1325.0,1331.0,1319.4000244140625,1327.0,1425897
2026-04-16 04:15:00+00:00,1324.0,1326.0,1321.800048828125,1324.9000244140625,563858
2026-04-16 04:30:00+00:00,1320.699951171875,1325.4000244140625,1319.0,1323.800048828125,575270
2026-04-16 04:45:00+00:00,1319.0,1325.4000244140625,1317.4000244140625,1320.699951171875,497428
2026-04-16 05:00:00+00:00,1317.699951171875,1319.9000244140625,1316.5999755859375,1319.199951171875,272668
2026-04-16 05:15:00+00:00,1316.5999755859375,1318.699951171875,1314.5,1317.5999755859375,293867
2026-04-16 05:30:00+00:00,1320.9000244140625,1321.0,1316.5,1316.800048828125,513983
2026-04-16 05:45:00+00:00,1324.0,1324.5999755859375,1318.0999755859375,1320.9000244140625,888031
2026-04-16 06:00:00+00:00,1318.4000244140625,1324.4000244140625,1318.4000244140625,1324.4000244140625,327596
2026-04-16 06:15:00+00:00,1317.5,1320.4000244140625,1316.300048828125,1319.0,287928
2026-04-16 06:30:00+00:00,1314.0,1317.699951171875,1311.300048828125,1317.4000244140625,357199
2026-04-16 06:45:00+00:00,1314.0,1314.800048828125,1312.4000244140625,1314.0,261616
2026-04-16 07:00:00+00:00,1312.5999755859375,1316.5,1310.9000244140625,1313.800048828125,548665
2026-04-16 07:15:00+00:00,1314.5999755859375,1315.0,1312.0,1312.5,255755
2026-04-16 07:30:00+00:00,1311.300048828125,1317.9000244140625,1309.699951171875,1314.5999755859375,1204273
2026-04-16 07:45:00+00:00,1310.4000244140625,1313.4000244140625,1309.0,1311.4000244140625,813105
2026-04-16 08:00:00+00:00,1310.5999755859375,1312.5,1309.9000244140625,1310.5,282456
2026-04-16 08:15:00+00:00,1313.0,1315.9000244140625,1309.0999755859375,1310.9000244140625,1225790
2026-04-16 08:30:00+00:00,1310.800048828125,1313.5999755859375,1310.0,1312.9000244140625,540051
2026-04-16 08:45:00+00:00,1310.199951171875,1311.800048828125,1309.5999755859375,1310.5999755859375,504217
2026-04-16 09:00:00+00:00,1315.9000244140625,1317.5,1310.199951171875,1310.199951171875,644390
2026-04-16 09:15:00+00:00,1316.800048828125,1318.699951171875,1314.9000244140625,1316.300048828125,635112
2026-04-16 09:30:00+00:00,1317.300048828125,1324.0,1314.699951171875,1317.0,2304754
2026-04-16 09:45:00+00:00,1319.199951171875,1319.199951171875,1315.800048828125,1317.5999755859375,784232
2026-04-17 03:45:00+00:00,1321.300048828125,1328.300048828125,1306.9000244140625,1312.300048828125,465904
2026-04-17 04:00:00+00:00,1314.4000244140625,1321.4000244140625,1312.800048828125,1321.4000244140625,458977
2026-04-17 04:15:00+00:00,1314.4000244140625,1315.0999755859375,1313.199951171875,1314.5999755859375,298603
2026-04-17 04:30:00+00:00,1315.4000244140625,1317.199951171875,1313.0,1314.4000244140625,423664
2026-04-17 04:45:00+00:00,1317.5999755859375,1318.699951171875,1314.0999755859375,1315.4000244140625,411900
2026-04-17 05:00:00+00:00,1318.9000244140625,1321.199951171875,1317.0999755859375,1317.5999755859375,348633
2026-04-17 05:15:00+00:00,1316.699951171875,1318.800048828125,1315.800048828125,1318.5,232647
2026-04-17 05:30:00+00:00,1312.5999755859375,1317.0,1312.199951171875,1316.800048828125,335794
2026-04-17 05:45:00+00:00,1314.699951171875,1315.5,1311.699951171875,1312.5999755859375,295267
2026-04-17 06:00:00+00:00,1315.300048828125,1318.300048828125,1314.300048828125,1314.800048828125,292865
2026-04-17 06:15:00+00:00,1310.800048828125,1317.0,1310.5,1315.300048828125,555151
2026-04-17 06:30:00+00:00,1315.0999755859375,1317.0,1310.0999755859375,1310.9000244140625,878671
2026-04-17 06:45:00+00:00,1311.300048828125,1315.199951171875,1311.0999755859375,1315.199951171875,427558
2026-04-17 07:00:00+00:00,1311.5,1312.800048828125,1311.0,1311.4000244140625,299988
2026-04-17 07:15:00+00:00,1311.5999755859375,1313.300048828125,1311.0999755859375,1311.800048828125,223569
2026-04-17 07:30:00+00:00,1310.9000244140625,1312.800048828125,1310.5,1311.800048828125,247478
2026-04-17 07:45:00+00:00,1310.699951171875,1311.300048828125,1308.5,1310.800048828125,434190
2026-04-17 08:00:00+00:00,1311.199951171875,1311.9000244140625,1310.199951171875,1310.699951171875,447181
2026-04-17 08:15:00+00:00,1311.9000244140625,1312.199951171875,1310.5999755859375,1311.300048828125,286410
2026-04-17 08:30:00+00:00,1312.5999755859375,1312.800048828125,1311.4000244140625,1311.9000244140625,256585
2026-04-17 08:45:00+00:00,1308.5,1312.800048828125,1308.4000244140625,1312.699951171875,544254
2026-04-17 09:00:00+00:00,1314.300048828125,1314.5,1307.5999755859375,1308.5999755859375,871883
2026-04-17 09:15:00+00:00,1317.0,1317.800048828125,1313.9000244140625,1314.300048828125,668416
2026-04-17 09:30:00+00:00,1318.699951171875,1319.199951171875,1315.9000244140625,1317.4000244140625,904756
2026-04-17 09:45:00+00:00,1320.800048828125,1321.0,1318.199951171875,1318.800048828125,861912
2026-04-20 03:45:00+00:00,1310.5,1324.800048828125,1308.699951171875,1324.800048828125,416344
2026-04-20 04:00:00+00:00,1313.0,1314.5,1309.5,1310.0999755859375,296960
2026-04-20 04:15:00+00:00,1311.5999755859375,1313.4000244140625,1310.9000244140625,1312.5,235921
2026-04-20 04:30:00+00:00,1312.300048828125,1313.199951171875,1311.4000244140625,1311.800048828125,80263
2026-04-20 09:30:00+00:00,1313.300048828125,1318.699951171875,1313.300048828125,1318.699951171875,5155491
2026-04-20 09:45:00+00:00,1310.0,1313.5999755859375,1309.199951171875,1313.5,580903
2026-04-21 03:45:00+00:00,1304.0,1307.699951171875,1299.4000244140625,1307.699951171875,272849
2026-04-21 04:00:00+00:00,1306.300048828125,1306.4000244140625,1303.5999755859375,1304.0,256536
2026-04-21 04:15:00+00:00,1309.0999755859375,1311.0999755859375,1306.199951171875,1306.199951171875,296141
2026-04-21 04:30:00+00:00,1313.5999755859375,1314.0,1309.0,1309.0999755859375,233928
2026-04-21 04:45:00+00:00,1314.4000244140625,1314.800048828125,1312.0,1314.199951171875,198171
2026-04-21 05:00:00+00:00,1315.699951171875,1315.9000244140625,1313.699951171875,1314.4000244140625,203743
2026-04-21 05:15:00+00:00,1318.9000244140625,1319.800048828125,1315.199951171875,1315.5,247505
2026-04-21 05:30:00+00:00,1318.5,1319.800048828125,1316.699951171875,1318.699951171875,261410
2026-04-21 05:45:00+00:00,1317.5999755859375,1318.4000244140625,1316.0999755859375,1318.4000244140625,158019
2026-04-21 06:00:00+00:00,1318.0,1318.9000244140625,1315.9000244140625,1317.4000244140625,222509
2026-04-21 06:15:00+00:00,1322.199951171875,1324.0,1317.9000244140625,1318.0,418017
2026-04-21 06:30:00+00:00,1323.300048828125,1324.0,1312.5999755859375,1322.199951171875,192051
2026-04-21 06:45:00+00:00,1322.300048828125,1323.5,1321.0999755859375,1323.300048828125,165550
2026-04-21 07:00:00+00:00,1318.5,1325.0,1318.5,1322.300048828125,492829
2026-04-21 07:15:00+00:00,1313.5,1318.699951171875,1312.800048828125,1318.5999755859375,422589
2026-04-21 07:30:00+00:00,1312.9000244140625,1314.5999755859375,1312.5,1313.5999755859375,324865
2026-04-21 07:45:00+00:00,1315.4000244140625,1315.5999755859375,1312.0999755859375,1312.800048828125,400927
2026-04-21 08:00:00+00:00,1313.4000244140625,1317.4000244140625,1312.300048828125,1315.5,339128
2026-04-21 08:15:00+00:00,1312.800048828125,1314.5999755859375,1312.5,1313.699951171875,303203
2026-04-21 08:30:00+00:00,1311.0,1313.0999755859375,1309.5,1312.800048828125,429716
2026-04-21 08:45:00+00:00,1311.5999755859375,1313.300048828125,1310.5,1311.0,483182
2026-04-21 09:00:00+00:00,1309.199951171875,1311.699951171875,1308.0,1311.699951171875,309850
2026-04-21 09:15:00+00:00,1313.5,1314.0999755859375,1309.199951171875,1309.199951171875,284591
2026-04-21 09:30:00+00:00,1312.0999755859375,1316.199951171875,1310.4000244140625,1313.5,1844717
2026-04-21 09:45:00+00:00,1314.5999755859375,1315.699951171875,1311.800048828125,1311.800048828125,720852
2026-04-22 03:45:00+00:00,1278.5,1295.0,1273.800048828125,1295.0,1222240
2026-04-22 04:00:00+00:00,1279.800048828125,1285.5999755859375,1277.4000244140625,1278.5,1209027
2026-04-22 04:15:00+00:00,1277.699951171875,1285.300048828125,1276.9000244140625,1279.800048828125,1066067
2026-04-22 04:30:00+00:00,1271.5999755859375,1277.5,1270.699951171875,1277.300048828125,916742
2026-04-22 04:45:00+00:00,1263.199951171875,1271.699951171875,1262.300048828125,1271.5999755859375,2189603
2026-04-22 05:00:00+00:00,1262.800048828125,1264.5,1262.0,1263.0999755859375,896103
2026-04-22 05:15:00+00:00,1265.5999755859375,1265.9000244140625,1262.0999755859375,1262.9000244140625,627425
2026-04-22 05:30:00+00:00,1264.300048828125,1267.0,1263.300048828125,1265.5,403436
2026-04-22 05:45:00+00:00,1264.800048828125,1265.5,1263.300048828125,1264.0,651177
2026-04-22 06:00:00+00:00,1258.300048828125,1265.4000244140625,1258.199951171875,1264.800048828125,737509
2026-04-22 06:15:00+00:00,1259.199951171875,1261.5,1257.5999755859375,1258.5,396230
2026-04-22 06:30:00+00:00,1257.5999755859375,1260.5,1256.699951171875,1259.4000244140625,502945
2026-04-22 06:45:00+00:00,1256.800048828125,1258.5,1255.9000244140625,1257.9000244140625,492191
2026-04-22 07:00:00+00:00,1258.4000244140625,1259.4000244140625,1256.5,1256.800048828125,579065
2026-04-22 07:15:00+00:00,1259.199951171875,1259.9000244140625,1257.0,1258.4000244140625,329569
2026-04-22 07:30:00+00:00,1261.800048828125,1261.9000244140625,1258.199951171875,1259.699951171875,301577
2026-04-22 07:45:00+00:00,1261.0,1261.9000244140625,1259.199951171875,1261.5999755859375,272861
2026-04-22 08:00:00+00:00,1260.0,1261.5,1258.9000244140625,1261.0,269876
2026-04-22 08:15:00+00:00,1268.300048828125,1269.199951171875,1258.699951171875,1259.9000244140625,955595
2026-04-22 08:30:00+00:00,1267.699951171875,1271.199951171875,1265.5,1268.0999755859375,847257
2026-04-22 08:45:00+00:00,1268.0999755859375,1269.699951171875,1267.199951171875,1268.0,305123
2026-04-22 09:00:00+00:00,1271.300048828125,1272.800048828125,1267.9000244140625,1268.199951171875,519899
2026-04-22 09:15:00+00:00,1273.0,1273.300048828125,1270.0999755859375,1271.300048828125,493045
2026-04-22 09:30:00+00:00,1268.4000244140625,1272.9000244140625,1267.5,1272.800048828125,799529
2026-04-22 09:45:00+00:00,1268.800048828125,1269.0,1266.9000244140625,1268.5,1200846
2026-04-23 03:45:00+00:00,1253.300048828125,1265.5,1252.199951171875,1254.0,549123
2026-04-23 04:00:00+00:00,1253.800048828125,1254.4000244140625,1250.0,1251.699951171875,695681
2026-04-23 04:15:00+00:00,1258.4000244140625,1260.4000244140625,1251.699951171875,1253.4000244140625,942939
2026-04-23 04:30:00+00:00,1257.5,1260.4000244140625,1255.300048828125,1258.4000244140625,481051
2026-04-23 04:45:00+00:00,1255.4000244140625,1258.800048828125,1255.300048828125,1257.5,301999
2026-04-23 05:00:00+00:00,1255.4000244140625,1256.5999755859375,1254.0,1255.699951171875,368902
2026-04-23 05:15:00+00:00,1256.0999755859375,1256.5,1253.0999755859375,1255.300048828125,342897
2026-04-23 05:30:00+00:00,1256.5999755859375,1259.9000244140625,1255.5999755859375,1256.0,483774
2026-04-23 05:45:00+00:00,1258.9000244140625,1259.800048828125,1256.4000244140625,1256.5,334255
2026-04-23 06:00:00+00:00,1258.0,1260.300048828125,1256.199951171875,1258.800048828125,627632
2026-04-23 06:15:00+00:00,1254.9000244140625,1258.699951171875,1254.5,1258.0999755859375,365208
2026-04-23 06:30:00+00:00,1256.4000244140625,1257.699951171875,1253.5,1254.9000244140625,417340
2026-04-23 06:45:00+00:00,1251.800048828125,1257.0,1251.0,1256.4000244140625,416483
2026-04-23 07:00:00+00:00,1251.300048828125,1252.5999755859375,1250.0,1251.699951171875,460312
2026-04-23 07:15:00+00:00,1250.699951171875,1251.9000244140625,1250.300048828125,1251.199951171875,273228
2026-04-23 07:30:00+00:00,1251.0,1251.5999755859375,1250.0999755859375,1250.699951171875,253270
2026-04-23 07:45:00+00:00,1254.800048828125,1255.300048828125,1250.199951171875,1251.0,473971
2026-04-23 08:00:00+00:00,1248.0,1255.0999755859375,1247.9000244140625,1255.0999755859375,716783
2026-04-23 08:15:00+00:00,1247.4000244140625,1248.699951171875,1246.300048828125,1248.0,677281
2026-04-23 08:30:00+00:00,1244.800048828125,1248.0,1243.699951171875,1247.4000244140625,435716
2026-04-23 08:45:00+00:00,1244.9000244140625,1245.800048828125,1243.4000244140625,1244.699951171875,388929
2026-04-23 09:00:00+00:00,1242.300048828125,1245.800048828125,1242.0,1245.0999755859375,474342
2026-04-23 09:15:00+00:00,1243.9000244140625,1245.4000244140625,1242.300048828125,1242.4000244140625,501484
2026-04-23 09:30:00+00:00,1241.9000244140625,1246.0,1241.300048828125,1244.199951171875,1229585
2026-04-23 09:45:00+00:00,1230.5999755859375,1242.199951171875,1228.300048828125,1241.9000244140625,1803142
2026-04-24 03:45:00+00:00,1211.300048828125,1223.199951171875,1200.0,1200.0,1684149
2026-04-24 04:00:00+00:00,1201.0999755859375,1211.9000244140625,1200.0999755859375,1211.5999755859375,2455200
2026-04-24 04:15:00+00:00,1194.5999755859375,1201.199951171875,1194.0,1201.199951171875,2021704
2026-04-24 04:30:00+00:00,1188.300048828125,1196.0,1187.0999755859375,1194.9000244140625,1945645
2026-04-24 04:45:00+00:00,1189.199951171875,1190.5,1185.300048828125,1188.0999755859375,1637482
2026-04-24 05:00:00+00:00,1182.0,1190.699951171875,1181.4000244140625,1188.5999755859375,1198550
2026-04-24 05:15:00+00:00,1178.199951171875,1182.199951171875,1177.4000244140625,1181.5,1426088
2026-04-24 05:30:00+00:00,1177.300048828125,1180.0,1176.5999755859375,1177.9000244140625,916821
2026-04-24 05:45:00+00:00,1178.0,1180.699951171875,1175.4000244140625,1177.5,1297245
2026-04-24 06:00:00+00:00,1170.5,1177.0999755859375,1170.0999755859375,1176.5999755859375,1239020
2026-04-24 06:15:00+00:00,1170.5,1172.5,1167.800048828125,1170.199951171875,1099837
2026-04-24 06:30:00+00:00,1172.199951171875,1173.5,1168.0,1170.199951171875,861963
2026-04-24 06:45:00+00:00,1168.0999755859375,1174.5,1168.0,1172.0,842772
2026-04-24 07:00:00+00:00,1165.0,1170.199951171875,1165.0,1168.199951171875,877208
2026-04-24 07:15:00+00:00,1165.0,1167.300048828125,1164.800048828125,1165.0999755859375,842715
2026-04-24 07:30:00+00:00,1165.4000244140625,1166.300048828125,1163.699951171875,1165.0,754152
2026-04-24 07:45:00+00:00,1167.5,1168.0,1164.5,1165.5,990241
2026-04-24 08:00:00+00:00,1159.800048828125,1167.5,1159.5,1167.5,1647793
2026-04-24 08:15:00+00:00,1153.4000244140625,1161.9000244140625,1153.0,1159.5999755859375,1388580
2026-04-24 08:30:00+00:00,1154.9000244140625,1156.4000244140625,1152.5,1153.199951171875,1605355
2026-04-24 08:45:00+00:00,1154.9000244140625,1158.0,1154.0999755859375,1154.699951171875,1046305
2026-04-24 09:00:00+00:00,1156.0999755859375,1156.4000244140625,1153.199951171875,1154.699951171875,1774731
2026-04-24 09:15:00+00:00,1155.300048828125,1158.0999755859375,1154.4000244140625,1156.0999755859375,2117063
2026-04-24 09:30:00+00:00,1153.5999755859375,1156.4000244140625,1153.0,1155.300048828125,2935576
2026-04-24 09:45:00+00:00,1154.800048828125,1156.199951171875,1152.800048828125,1153.4000244140625,3359780
